ID,folderID,setID,orderIndex
27,BAC4282D-7FCA-4B43-9584-510E07A155D6,EB380AFE-2F03-41CE-8EE5-94697E87C3AF,1
32,BAC4282D-7FCA-4B43-9584-510E07A155D6,7205629B-5D1A-48AB-81C8-1E0789D9BA3F,2
61,5B384DFD-0A05-4D98-BABA-9C2D02987053,905B4566-484C-4F2A-9638-77B6AF1B7C23,0
137,0DD9BA66-A1EA-4EDB-8319-26588F3F7496,1FE2C172-CC99-43CD-B043-AAF26F2F9281,0
196,BAC4282D-7FCA-4B43-9584-510E07A155D6,EFB72C75-BFC9-4964-8521-A84307A4D915,3
199,BAC4282D-7FCA-4B43-9584-510E07A155D6,796FE376-037B-43D3-92D0-42F09CDFA10D,4
208,44649D0C-3B99-466C-A8CD-B747BA494F9A,DC89CC53-7A80-4ADB-9DEA-EE6A8586BF9C,0
209,44649D0C-3B99-466C-A8CD-B747BA494F9A,6B65B05F-9610-43B6-A6F9-4116B2D49CF8,1
210,44649D0C-3B99-466C-A8CD-B747BA494F9A,4F5FBE3F-9B62-4ECD-A9D0-4FF12CD91F7A,2
213,BAC4282D-7FCA-4B43-9584-510E07A155D6,32ABF8F7-5399-42D3-AFAB-161D44908FE2,5
228,BAC4282D-7FCA-4B43-9584-510E07A155D6,DCB12AE2-81A5-404E-B76B-624C54934D28,6
237,44649D0C-3B99-466C-A8CD-B747BA494F9A,AAF7BFA5-B4ED-4989-A0C3-2D1AC836B17E,3
244,BAC4282D-7FCA-4B43-9584-510E07A155D6,79D04E4B-EFDD-40D5-BACE-C73DF7379A4E,7
252,BAC4282D-7FCA-4B43-9584-510E07A155D6,5CB5E6F0-E0DF-4B65-8588-D432FB7D37A8,8
642,BAC4282D-7FCA-4B43-9584-510E07A155D6,3C5570E6-3967-4231-ABF4-7A9C02CA4FEE,9
1532,BAC4282D-7FCA-4B43-9584-510E07A155D6,98ACA5CE-A291-431B-916E-F35116A6ACE0,10
1648,5B9508F4-B45C-4306-8828-7F6E071D95B5,69DAA051-3B9E-4DA2-8219-82527486F560,0
1658,BAC4282D-7FCA-4B43-9584-510E07A155D6,02419AA4-5BF2-40EB-97B8-4403CF46CC2A,11
1678,F173C458-ED28-4C18-923F-369E98C6DA9B,59BDCC3F-6B9E-402D-90F2-CC2BCBFD8793,0
1679,F173C458-ED28-4C18-923F-369E98C6DA9B,A54A9641-DFE7-4066-9DAE-05C80DE79968,1
1696,BAC4282D-7FCA-4B43-9584-510E07A155D6,0F7130EB-E676-4CAD-BCC2-E3321051B465,12
1701,BAC4282D-7FCA-4B43-9584-510E07A155D6,9EF12D8F-D475-4AF4-9A6A-091BAF2E7959,13
1717,BAC4282D-7FCA-4B43-9584-510E07A155D6,707B799D-D58E-4FE0-B4EE-897288E778C6,14
1868,44649D0C-3B99-466C-A8CD-B747BA494F9A,AE12C391-88F2-42B4-853C-B8B5E886BF77,4
1883,BAC4282D-7FCA-4B43-9584-510E07A155D6,2CA30A6A-E8BD-4BBA-BE7F-48FF00FB0518,15
1903,BAC4282D-7FCA-4B43-9584-510E07A155D6,D12280D8-6E83-493C-BC59-8C951349B159,17
2470,A11DE545-3893-475F-A9F0-43727ED80A76,64E8C61E-8617-4D29-928D-F60D3A93B808,0
2471,A11DE545-3893-475F-A9F0-43727ED80A76,B5A438C4-0090-4838-9A52-383E455115E1,1
2472,A11DE545-3893-475F-A9F0-43727ED80A76,D5905DCD-BC74-4694-ACC2-586075062646,2
2473,A11DE545-3893-475F-A9F0-43727ED80A76,2519AEBD-E213-43EF-801F-60B89560CE26,3
2474,A11DE545-3893-475F-A9F0-43727ED80A76,BFD5DB9B-E5F6-41D9-B73A-47186CEB4179,4
2475,A11DE545-3893-475F-A9F0-43727ED80A76,F8263BF0-F947-4AD7-9DD8-39349F659346,5
2476,A11DE545-3893-475F-A9F0-43727ED80A76,1629876C-46D8-4EFD-A2B6-58D11B5B4BA8,6
2477,A11DE545-3893-475F-A9F0-43727ED80A76,08CB0E42-7E6C-41F8-9594-12B2BEA5E416,7
2478,A11DE545-3893-475F-A9F0-43727ED80A76,4040502A-8919-408B-ABA8-CDB7127E227E,8
2479,A11DE545-3893-475F-A9F0-43727ED80A76,4A9A46D9-5DF9-49C2-91B7-7F6841D9F546,9
2480,A11DE545-3893-475F-A9F0-43727ED80A76,E1AF186D-5BAF-40DE-9BEF-76DC38D930F1,10
2481,A11DE545-3893-475F-A9F0-43727ED80A76,6DB8122E-6592-4B6A-BE10-9C177B801773,11
2482,A11DE545-3893-475F-A9F0-43727ED80A76,FD44A156-957E-454F-B665-7132750AB2BD,12
2483,A11DE545-3893-475F-A9F0-43727ED80A76,9CD4E990-8414-4FF3-A82B-3E079A623C0D,13
2484,A11DE545-3893-475F-A9F0-43727ED80A76,6FA79E4B-7B46-4A5C-9DD4-3942B2F89BA3,14
2485,A11DE545-3893-475F-A9F0-43727ED80A76,9301DE54-6CAD-4E3B-A51A-9F3CC61F6256,15
2486,A11DE545-3893-475F-A9F0-43727ED80A76,26A7BA1C-8611-4684-B614-51115422EB97,16
2487,A11DE545-3893-475F-A9F0-43727ED80A76,FC62B35D-84BC-40DA-B10F-10C8681F6B19,17
2488,A11DE545-3893-475F-A9F0-43727ED80A76,C50EEFD8-F7F6-48E2-9D6F-4465D13A1A90,18
2489,A11DE545-3893-475F-A9F0-43727ED80A76,4CD2F902-A886-4380-9F94-8F85140D35F8,19
2490,A11DE545-3893-475F-A9F0-43727ED80A76,0F604060-7C3D-48BD-82EC-A2BB0200CCE3,20
2491,A11DE545-3893-475F-A9F0-43727ED80A76,3994AF1A-80D6-444F-802D-8A17D6FC66F2,21
2492,A11DE545-3893-475F-A9F0-43727ED80A76,DED49FDD-44EB-49B4-9E70-F610B5CC1A36,22
2493,A11DE545-3893-475F-A9F0-43727ED80A76,276F7F0C-FF81-4965-A11E-6DF69C86DBD8,23
2494,A11DE545-3893-475F-A9F0-43727ED80A76,2F54B125-4682-4820-9890-8295727E0C01,24
2495,A11DE545-3893-475F-A9F0-43727ED80A76,79F45063-880C-4F21-BAE2-CF95E9992F49,25
2496,A11DE545-3893-475F-A9F0-43727ED80A76,3AECAB2C-70B2-4966-9E0B-5B291AAAEF8A,26
2497,A11DE545-3893-475F-A9F0-43727ED80A76,32AA71E4-C809-4968-A1BB-62F36BA895E8,27
2498,A11DE545-3893-475F-A9F0-43727ED80A76,B04EEBFB-1F86-4B0E-885B-B551E62AA5F9,28
2499,A11DE545-3893-475F-A9F0-43727ED80A76,BC5A5FB6-F32F-4A99-85CA-F480329A107A,29
2500,A11DE545-3893-475F-A9F0-43727ED80A76,E92C67EE-218D-4D8C-97C3-A07DD459FA69,30
2501,A11DE545-3893-475F-A9F0-43727ED80A76,5ACDEBAC-0658-4789-81D3-A185CFF5FF07,31
2502,A11DE545-3893-475F-A9F0-43727ED80A76,9988AA3F-61D7-4627-B876-69D86F474FC1,32
2503,A11DE545-3893-475F-A9F0-43727ED80A76,AE9DDD3E-CD9E-425F-8C3D-334032777EAF,33
2504,A11DE545-3893-475F-A9F0-43727ED80A76,5486B1C5-BE98-45B5-9F53-5DA22F671A94,34
2505,A11DE545-3893-475F-A9F0-43727ED80A76,21BCDE5A-68DB-4823-80B3-5A857149D2F4,35
2506,A11DE545-3893-475F-A9F0-43727ED80A76,188564D9-6DEA-49BD-9402-F2D15E75F0B1,36
2507,A11DE545-3893-475F-A9F0-43727ED80A76,EBEAE5FF-11B3-434D-A8B9-7CB93508E598,37
2508,A11DE545-3893-475F-A9F0-43727ED80A76,FC2D2061-6A90-4D4F-A2FC-1E5B25E56780,38
2509,A11DE545-3893-475F-A9F0-43727ED80A76,F2D7399F-647A-40B8-83FD-7D2D656CEED4,39
2510,A11DE545-3893-475F-A9F0-43727ED80A76,48A60960-4D61-47B6-A464-62FDD6C74DC9,40
2511,A11DE545-3893-475F-A9F0-43727ED80A76,1F58B1AD-DA94-4A6E-AE52-387BBE976E90,41
2512,A11DE545-3893-475F-A9F0-43727ED80A76,4109958C-94E0-4BC9-8669-354319FEF955,42
2513,A11DE545-3893-475F-A9F0-43727ED80A76,C1C1C13F-8B1C-42C2-9F12-C14A9BAB2BD4,43
2514,A11DE545-3893-475F-A9F0-43727ED80A76,57B83C4E-7510-4B3A-A8A6-B9E7944C882F,44
2515,A11DE545-3893-475F-A9F0-43727ED80A76,9E73582F-1AD3-410C-ADEC-3790E3103D22,45
2516,A11DE545-3893-475F-A9F0-43727ED80A76,B72092DF-C651-4651-91A1-3E2BB4836239,46
2517,A11DE545-3893-475F-A9F0-43727ED80A76,09ECCD3D-F052-45B1-963E-9F13AB55FBBB,47
2518,A11DE545-3893-475F-A9F0-43727ED80A76,1AA6B0E6-CA15-4123-A6B1-20A780360F7C,48
2519,A11DE545-3893-475F-A9F0-43727ED80A76,04BFAA6D-5903-462A-90F3-1F9171510052,49
2520,A11DE545-3893-475F-A9F0-43727ED80A76,30F82415-657C-4309-BC91-53F79836113E,50
2521,A11DE545-3893-475F-A9F0-43727ED80A76,D974EF8D-0D3F-4F93-9BB6-4AA93BD68F36,51
2522,A11DE545-3893-475F-A9F0-43727ED80A76,28B4648F-C056-483A-92A2-002A0D375A1B,52
2523,A11DE545-3893-475F-A9F0-43727ED80A76,31C089C2-76E0-4D1F-8D54-33F233AF6DA3,53
2524,A11DE545-3893-475F-A9F0-43727ED80A76,08359CEC-F3B8-4857-A390-9FEC2D6C04CF,54
2525,A11DE545-3893-475F-A9F0-43727ED80A76,13412CAA-B45F-4E1F-878C-080C91F6A886,55
2526,A11DE545-3893-475F-A9F0-43727ED80A76,6BB64240-7C58-4D2F-A0EE-D1E209917579,56
2527,A11DE545-3893-475F-A9F0-43727ED80A76,2BE78560-A01F-4FA8-89FB-36E7A7B91B64,57
2528,A11DE545-3893-475F-A9F0-43727ED80A76,514A7EA0-9788-4CBF-A0B3-0D1ED48051BA,58
2529,A11DE545-3893-475F-A9F0-43727ED80A76,D092B9B3-6D5F-4B0B-80DC-CBCBE4793F5F,59
2530,A11DE545-3893-475F-A9F0-43727ED80A76,89970ED3-7256-41B9-AF81-186DED693C6F,60
2531,A11DE545-3893-475F-A9F0-43727ED80A76,2E3AE512-6897-4D4A-9ECE-3F7F827116D9,61
2532,A11DE545-3893-475F-A9F0-43727ED80A76,D1EC1143-B0FA-4950-8438-BBD681090ED5,62
2533,A11DE545-3893-475F-A9F0-43727ED80A76,6C1A97D4-AE66-44BF-A28B-5BE00A32A962,63
2534,A11DE545-3893-475F-A9F0-43727ED80A76,65845C16-61E8-42D8-A57C-FBBD54CA1D0B,64
2535,A11DE545-3893-475F-A9F0-43727ED80A76,9FF62419-3D65-4E20-8A21-94E1AEA2B400,65
2536,A11DE545-3893-475F-A9F0-43727ED80A76,8DF544C9-E5A3-4600-A942-B5B198C0611F,66
2537,A11DE545-3893-475F-A9F0-43727ED80A76,41318D71-E903-4640-9D14-A539D763FF3A,67
2538,A11DE545-3893-475F-A9F0-43727ED80A76,98CFD790-850B-447E-B1BA-3401F61639A7,68
2539,A11DE545-3893-475F-A9F0-43727ED80A76,2BFE6038-5EAF-429B-95FB-FE58BBC2D447,69
2540,A11DE545-3893-475F-A9F0-43727ED80A76,291F9605-F0D6-421D-B421-488B8D8CF6FA,70
2541,A11DE545-3893-475F-A9F0-43727ED80A76,3F2C1FA9-A567-4801-80BF-821599C52048,71
2542,A11DE545-3893-475F-A9F0-43727ED80A76,8F1AE0B6-A23F-4A49-87EC-ECCEA3CAC19C,72
2543,A11DE545-3893-475F-A9F0-43727ED80A76,7D717854-F733-4A14-8904-7B9D20571062,73
2544,A11DE545-3893-475F-A9F0-43727ED80A76,A3AAE7F9-995F-4A1C-954B-68AF359FF297,74
2545,A11DE545-3893-475F-A9F0-43727ED80A76,B0255499-5CEA-444F-B638-62BB69602DCF,75
2546,A11DE545-3893-475F-A9F0-43727ED80A76,B9FF9FE8-0870-4D85-A295-5BAC4F2794AA,76
2547,A11DE545-3893-475F-A9F0-43727ED80A76,F18888C4-8B8E-4546-BB12-9ECC18DA5496,77
2548,A11DE545-3893-475F-A9F0-43727ED80A76,80E6C699-694E-417F-8C18-36ED7E7FBBFB,78
2549,A11DE545-3893-475F-A9F0-43727ED80A76,D8FBC867-0749-4C80-ACC2-56209299D89B,79
2550,A11DE545-3893-475F-A9F0-43727ED80A76,656B6E94-2D20-4AB8-9A7E-59DFD1EB4718,80
2551,A11DE545-3893-475F-A9F0-43727ED80A76,BD070039-6C10-474D-B30E-11CA2804728D,81
2552,A11DE545-3893-475F-A9F0-43727ED80A76,CB9DE07B-ECD3-4AEA-957C-7CF694195267,82
2553,A11DE545-3893-475F-A9F0-43727ED80A76,2561867A-F219-4FC7-B14C-DBE49ABD4DE7,83
2554,A11DE545-3893-475F-A9F0-43727ED80A76,D4F9EBAB-04DA-4A9D-AEEC-7E3E9A0C1472,84
2555,A11DE545-3893-475F-A9F0-43727ED80A76,59E9FCC8-EF9B-4D04-8454-CD56579A4A01,85
2556,A11DE545-3893-475F-A9F0-43727ED80A76,2A620ED5-651C-4644-B647-165442CD580C,86
2557,A11DE545-3893-475F-A9F0-43727ED80A76,DE3F4AE6-855C-4FCB-BC24-DBF130FD19A8,87
2558,A11DE545-3893-475F-A9F0-43727ED80A76,3FB794BD-694D-4DFC-A282-E7D44D8308B8,88
2559,A11DE545-3893-475F-A9F0-43727ED80A76,F3994E70-0C2C-4AAB-891C-2D91B6C86627,89
2560,A11DE545-3893-475F-A9F0-43727ED80A76,099FEA82-1A25-41F7-A608-7888BDF51C17,90
2561,A11DE545-3893-475F-A9F0-43727ED80A76,4A947140-2583-4A44-ABEC-C6F25CCC741A,91
2729,8A3BF060-FC85-44FD-A33E-E9A158932815,7F5B94B2-E138-4E5A-9770-F1CFCA2C71CC,0
2730,8A3BF060-FC85-44FD-A33E-E9A158932815,535BCDF7-DA9B-4238-A025-6E920CA8F3D1,1
2731,8A3BF060-FC85-44FD-A33E-E9A158932815,A7EBEDC3-C6D2-4757-B809-268D77994139,2
2732,8A3BF060-FC85-44FD-A33E-E9A158932815,2B30252B-EA91-46AB-94AB-342C474D268F,3
2733,8A3BF060-FC85-44FD-A33E-E9A158932815,15D54802-382C-4162-8249-50E7870DC785,4
2734,8A3BF060-FC85-44FD-A33E-E9A158932815,83F80925-A0E6-4433-8E44-4BB0E1D80237,5
2735,8A3BF060-FC85-44FD-A33E-E9A158932815,3B53ED19-46E4-471A-8366-17D683F5AE16,6
2736,8A3BF060-FC85-44FD-A33E-E9A158932815,57E56817-0AE7-4AAC-BF81-614959E96C19,7
2737,8A3BF060-FC85-44FD-A33E-E9A158932815,A08C8D2D-47BA-4005-8870-895784736515,8
2738,8A3BF060-FC85-44FD-A33E-E9A158932815,28278D31-C57D-49D6-99FF-74BED70C6D93,9
2739,8A3BF060-FC85-44FD-A33E-E9A158932815,F418DBBA-8FE0-4828-9871-63370C355C1A,10
2740,8A3BF060-FC85-44FD-A33E-E9A158932815,C9DEAD04-8F3D-4464-B6E5-BAB78D048887,11
2741,8A3BF060-FC85-44FD-A33E-E9A158932815,C895D6D9-A303-47FA-AFA8-9CDEBF12D871,12
2742,8A3BF060-FC85-44FD-A33E-E9A158932815,42320120-D7E1-4B34-885C-E3A952176748,13
2743,8A3BF060-FC85-44FD-A33E-E9A158932815,FA35D3A8-677C-4B51-958E-EB986C720A2D,14
2744,8A3BF060-FC85-44FD-A33E-E9A158932815,5A2AF44B-E388-44FF-916B-0361EA26CF19,15
2745,8A3BF060-FC85-44FD-A33E-E9A158932815,F32E0631-A23A-4F7E-B113-A21A097FCA39,16
2746,8A3BF060-FC85-44FD-A33E-E9A158932815,65735ED2-AE10-4B5F-B103-976CEE9D7327,17
2747,8A3BF060-FC85-44FD-A33E-E9A158932815,6FE77D5C-7975-427C-A79C-294BC50E05B0,18
2748,8A3BF060-FC85-44FD-A33E-E9A158932815,EF7D00B8-91FB-44AA-BEF6-3085D974072E,19
2749,8A3BF060-FC85-44FD-A33E-E9A158932815,B70282FE-70CA-44EF-81B5-CBD54A139C1C,20
2750,8A3BF060-FC85-44FD-A33E-E9A158932815,EDA5D624-66E3-463F-B20D-DD16D5375115,21
2751,8A3BF060-FC85-44FD-A33E-E9A158932815,7B8FBC2E-6BFF-4294-9CD1-0F7C9012A526,22
2752,8A3BF060-FC85-44FD-A33E-E9A158932815,69ABA297-D5ED-4687-A9DA-AD5ECB60D430,23
2753,8A3BF060-FC85-44FD-A33E-E9A158932815,8D1CA44D-1CFE-4573-9CF6-652BF57ABB9A,24
2754,8A3BF060-FC85-44FD-A33E-E9A158932815,144CAD36-4E21-4A87-883E-F451570ECE01,25
2755,8A3BF060-FC85-44FD-A33E-E9A158932815,91C04AB1-5317-4517-8CF3-345A2D0E8DED,26
2756,8A3BF060-FC85-44FD-A33E-E9A158932815,2D9B8844-6760-48F4-994F-F4C98E9DFE05,27
2757,8A3BF060-FC85-44FD-A33E-E9A158932815,E255C32E-A0AF-4508-A914-4528264CE8C8,28
2758,8A3BF060-FC85-44FD-A33E-E9A158932815,0463DB14-8DC8-49AB-8A6D-FC6815D1DA87,29
2759,8A3BF060-FC85-44FD-A33E-E9A158932815,B6C393E3-5683-49CE-92AD-3E636106B7CE,30
2760,8A3BF060-FC85-44FD-A33E-E9A158932815,45B33197-C534-4866-A011-C7EC5B44247D,31
2761,8A3BF060-FC85-44FD-A33E-E9A158932815,7B5C33C6-A4DE-4F46-A555-606EAC9FBC6F,32
2762,8A3BF060-FC85-44FD-A33E-E9A158932815,393E5A4B-B5C8-4FE0-B1DB-B457293AC452,33
2763,8A3BF060-FC85-44FD-A33E-E9A158932815,CF24E12A-1094-489A-BF73-F4D67CDB57FB,34
2764,8A3BF060-FC85-44FD-A33E-E9A158932815,629E146B-38BC-4896-A588-38F55E709E31,35
2765,8A3BF060-FC85-44FD-A33E-E9A158932815,0EB94611-C28A-4812-A27B-24EE183D1707,36
2766,8A3BF060-FC85-44FD-A33E-E9A158932815,7235EE3E-A5F1-4D85-B7CB-A3E51279424E,37
2767,8A3BF060-FC85-44FD-A33E-E9A158932815,05B6679A-513C-4D39-9FE4-7578130F53D5,38
2768,8A3BF060-FC85-44FD-A33E-E9A158932815,8EDCD015-BCAB-4ED3-81E4-298320EA1BF4,39
2769,8A3BF060-FC85-44FD-A33E-E9A158932815,0601B9B1-3B6B-4EFA-85EA-B7EEBD200259,40
2770,8A3BF060-FC85-44FD-A33E-E9A158932815,93D9D6D6-1A68-4274-A852-6FE42CC0B6B2,41
2771,8A3BF060-FC85-44FD-A33E-E9A158932815,816FA84A-4BBB-47A2-9B29-90E663E77735,42
2772,8A3BF060-FC85-44FD-A33E-E9A158932815,075F8A23-572B-4AE5-BE1B-F578544D1883,43
2773,8A3BF060-FC85-44FD-A33E-E9A158932815,1D018CD5-3C8A-4504-A319-3B10AD091AE2,44
2774,8A3BF060-FC85-44FD-A33E-E9A158932815,147F09B2-4135-47A1-8250-B113D3CE5273,45
2775,8A3BF060-FC85-44FD-A33E-E9A158932815,23F137FD-366B-4D8F-88A4-A6FE7791E510,46
2776,8A3BF060-FC85-44FD-A33E-E9A158932815,D413B5A9-DEA7-48B3-8C02-F3EDE1B9309A,47
2777,8A3BF060-FC85-44FD-A33E-E9A158932815,2F58BF55-91FC-4456-871B-D82979AEE0E2,48
2778,8A3BF060-FC85-44FD-A33E-E9A158932815,A3E5CE3E-B753-4965-B47B-EC16CECBC45E,49
2779,8A3BF060-FC85-44FD-A33E-E9A158932815,3AD0A1F3-C74A-4A08-8646-76702320BF3E,50
2780,8A3BF060-FC85-44FD-A33E-E9A158932815,5D56D961-9232-42FA-8C99-5303BB036A1E,51
2781,8A3BF060-FC85-44FD-A33E-E9A158932815,4B13A8CD-1E19-4009-8815-C6A0420513ED,52
2782,8A3BF060-FC85-44FD-A33E-E9A158932815,E72953D7-C1B0-4A56-AB74-0EE36CD73188,53
2783,8A3BF060-FC85-44FD-A33E-E9A158932815,60243841-2417-4EBE-A0EC-8CBCD0D937B6,54
2784,8A3BF060-FC85-44FD-A33E-E9A158932815,7797A21E-DCA6-488F-8A6F-C914F62EA600,55
2785,8A3BF060-FC85-44FD-A33E-E9A158932815,8B3F6483-D658-4062-A62C-76B0B709EC89,56
2786,8A3BF060-FC85-44FD-A33E-E9A158932815,FDFA1309-2F01-4D7F-8777-F5A777D568DD,57
2787,8A3BF060-FC85-44FD-A33E-E9A158932815,247AFCB9-A586-4AE6-9D1D-0B3FC178CC9A,58
2788,8A3BF060-FC85-44FD-A33E-E9A158932815,35A22005-2A24-47A3-A84C-FA284E2E5A8B,59
2789,8A3BF060-FC85-44FD-A33E-E9A158932815,3D4AC771-8930-4663-B28C-25BB82303878,60
2790,8A3BF060-FC85-44FD-A33E-E9A158932815,C8ABBC48-C767-4C42-A272-55AD578F0260,61
2791,8A3BF060-FC85-44FD-A33E-E9A158932815,934E40B9-2DFF-42D6-9421-E94CEF92EBA7,62
2792,8A3BF060-FC85-44FD-A33E-E9A158932815,14F57434-486F-4489-8A74-424B61BDEB8F,63
2793,8A3BF060-FC85-44FD-A33E-E9A158932815,C1AFE9A6-0BE0-450C-9EBE-F2E12CE72862,64
2794,8A3BF060-FC85-44FD-A33E-E9A158932815,DD202205-8FE8-4EEE-A98B-159D077D6A79,65
2795,8A3BF060-FC85-44FD-A33E-E9A158932815,D929E863-D9A2-4074-A69C-DF3B4A6D3FB4,66
2796,8A3BF060-FC85-44FD-A33E-E9A158932815,95FC07B1-4EF7-4E11-8F23-13A4B5EAA824,67
2797,8A3BF060-FC85-44FD-A33E-E9A158932815,DB6FCD9B-88DF-46BD-8FFE-B9F3BF9B5A47,68
2798,8A3BF060-FC85-44FD-A33E-E9A158932815,ECA2EB36-5297-487E-A2A0-8983E9C23B29,69
2799,8A3BF060-FC85-44FD-A33E-E9A158932815,879909EA-F308-4815-8439-551063B22B86,70
2800,8A3BF060-FC85-44FD-A33E-E9A158932815,48D4AEE8-E8B9-4ED1-9A30-82B29AEC470A,71
2801,8A3BF060-FC85-44FD-A33E-E9A158932815,E0308490-863B-4694-8779-1F74DD5E714C,72
2802,8A3BF060-FC85-44FD-A33E-E9A158932815,96AA51F3-ED5E-4493-89B8-6E4EDE7BC8D3,73
2803,8A3BF060-FC85-44FD-A33E-E9A158932815,EBDD1407-01FB-41DA-B885-AC809D38DEEA,74
2804,8A3BF060-FC85-44FD-A33E-E9A158932815,08DFA755-E061-4886-BAF2-CB70B9FD584D,75
2805,8A3BF060-FC85-44FD-A33E-E9A158932815,19FE0C62-F274-481E-A945-E2C85E248C2B,76
2806,8A3BF060-FC85-44FD-A33E-E9A158932815,7275982A-F2C5-4C07-907E-491576FF10B9,77
2807,8A3BF060-FC85-44FD-A33E-E9A158932815,89EDEF95-0DFD-4FE9-AAA1-6E3B03D31103,78
2808,8A3BF060-FC85-44FD-A33E-E9A158932815,6E4C1F78-9E02-47F6-B4B6-FEEF72D87961,79
2809,8A3BF060-FC85-44FD-A33E-E9A158932815,7C82B104-AC14-4084-B497-2D1EB473F7EA,80
2810,8A3BF060-FC85-44FD-A33E-E9A158932815,CA341512-25CE-4852-B28C-2D27CF78C452,81
2811,8A3BF060-FC85-44FD-A33E-E9A158932815,52313CEA-87FC-4F44-B986-DC46BF446E31,82
2812,8A3BF060-FC85-44FD-A33E-E9A158932815,4EFEA7B9-ED70-47FD-ADC0-74439C375A3C,83
2813,8A3BF060-FC85-44FD-A33E-E9A158932815,4397DEF0-C5B5-4D8F-BBCE-C902455C7BD2,84
2814,8A3BF060-FC85-44FD-A33E-E9A158932815,F480F3C5-10F1-417D-9903-6A6CA429F072,85
2815,8A3BF060-FC85-44FD-A33E-E9A158932815,2952DBD7-79C5-4BE8-9055-A14649A43BD6,86
2816,8A3BF060-FC85-44FD-A33E-E9A158932815,7912549B-67E9-4BC3-BF92-9C8FB3801C17,87
2817,8A3BF060-FC85-44FD-A33E-E9A158932815,F2A3DABD-166D-4636-A6C3-CC6F85FC864A,88
2818,8A3BF060-FC85-44FD-A33E-E9A158932815,6E52F38B-EA35-4A52-B1F7-A0B2FBE3EF13,89
2819,8A3BF060-FC85-44FD-A33E-E9A158932815,CC45DB9A-5BB4-4E32-808B-CB453BA8AC63,90
2820,8A3BF060-FC85-44FD-A33E-E9A158932815,9F60783D-387E-41AB-A7BF-A16202C275A3,91
2821,8A3BF060-FC85-44FD-A33E-E9A158932815,DCBF1F66-A997-4E65-B5E9-DFADAFFB61F4,92
2822,8A3BF060-FC85-44FD-A33E-E9A158932815,BE4B1EF2-C310-4A59-AAE8-5BBF3C8F71C2,93
2823,8A3BF060-FC85-44FD-A33E-E9A158932815,86D8F4D2-8331-4973-B19D-2ABA8B2AD88E,94
2824,8A3BF060-FC85-44FD-A33E-E9A158932815,E61795EA-A30B-4133-944D-1D05A987A977,95
2825,8A3BF060-FC85-44FD-A33E-E9A158932815,656DEDBA-8C8D-4711-AF1A-20913E4CBF98,96
2826,8A3BF060-FC85-44FD-A33E-E9A158932815,D605B4DE-68DD-4A89-A595-A2170EFD874F,97
2827,8A3BF060-FC85-44FD-A33E-E9A158932815,F717B0E3-E1F9-4EC9-A5AA-20FFEB820974,98
2828,8A3BF060-FC85-44FD-A33E-E9A158932815,38F86E3D-7791-46EA-86A1-54258CAC5874,99
2829,8A3BF060-FC85-44FD-A33E-E9A158932815,51E9FC94-A09B-4C79-8D19-CF35DD088FAA,100
2830,8A3BF060-FC85-44FD-A33E-E9A158932815,8166A069-422C-44C1-A941-2D0E7DCEF5C9,101
2831,8A3BF060-FC85-44FD-A33E-E9A158932815,D24D3BC3-9BC2-443F-8A07-73B022B84750,102
2832,8A3BF060-FC85-44FD-A33E-E9A158932815,4729B896-FBDD-4090-8EA3-BA62600142A5,103
2833,8A3BF060-FC85-44FD-A33E-E9A158932815,9E09A231-8B69-4FD4-96A9-98C78E30E49E,104
2834,8A3BF060-FC85-44FD-A33E-E9A158932815,A5EAD7C4-D13E-48D1-B107-C2C9D196E4B6,105
2835,8A3BF060-FC85-44FD-A33E-E9A158932815,4BA54E4C-386E-45E2-95AB-3804E117E6CF,106
2836,8A3BF060-FC85-44FD-A33E-E9A158932815,BDE935E6-66BF-4AD0-9355-9646FC820439,107
2837,8A3BF060-FC85-44FD-A33E-E9A158932815,FF2CDCA4-11EB-40BD-96D2-1B1D88C687C5,108
2838,8A3BF060-FC85-44FD-A33E-E9A158932815,06E93E40-E99E-4CA4-B321-0EBDB06AF0FE,109
2839,8A3BF060-FC85-44FD-A33E-E9A158932815,03C773A4-7326-423F-A56E-F1192A11FE8A,110
2840,8A3BF060-FC85-44FD-A33E-E9A158932815,54C18A71-6C63-46F8-9FB8-5F116ABA43D0,111
2841,8A3BF060-FC85-44FD-A33E-E9A158932815,A2AAED50-C9A1-4BE8-BAE7-AACE290193BC,112
2842,8A3BF060-FC85-44FD-A33E-E9A158932815,6EB2C7BD-84E8-4B70-AA29-AD838100EBEB,113
2843,8A3BF060-FC85-44FD-A33E-E9A158932815,BFC00C2B-84C3-4176-A4B8-41A090EFF8A4,114
2844,8A3BF060-FC85-44FD-A33E-E9A158932815,E6927D3D-D398-4F6A-92EF-0D9CE5964CE9,115
2845,8A3BF060-FC85-44FD-A33E-E9A158932815,D58BE793-0221-4ED0-A17D-7FDCE13C6D9F,116
2846,8A3BF060-FC85-44FD-A33E-E9A158932815,05750EBD-AE8A-4F82-92BF-6403078E5E76,117
2847,8A3BF060-FC85-44FD-A33E-E9A158932815,A53C70CA-81A7-4EB0-AE5A-D0E8D98B62A1,118
2848,8A3BF060-FC85-44FD-A33E-E9A158932815,CF3F757C-5EF4-4E8A-8642-6D3F5772BEE9,119
2849,8A3BF060-FC85-44FD-A33E-E9A158932815,4CF06510-1EC6-409D-B7EE-E542496BAFFA,120
2850,8A3BF060-FC85-44FD-A33E-E9A158932815,E614FA43-B9AD-439F-8994-4EDA7BE2F8F6,121
2851,8A3BF060-FC85-44FD-A33E-E9A158932815,019AE050-FB41-400C-AD4D-4B1D5E52A273,122
2852,8A3BF060-FC85-44FD-A33E-E9A158932815,70F2E169-DF6C-4752-82FE-3E1212BF95F8,123
2853,8A3BF060-FC85-44FD-A33E-E9A158932815,C861A23B-CEA8-4029-868D-C804C937920D,124
2854,8A3BF060-FC85-44FD-A33E-E9A158932815,E1F776EC-C457-490A-AEB8-A52573E68BE8,125
2855,8A3BF060-FC85-44FD-A33E-E9A158932815,7F625CF2-D9B4-4295-AFF3-CB85CBCF5611,126
2856,8A3BF060-FC85-44FD-A33E-E9A158932815,800EED2E-2566-4484-84E5-E36C85790EDA,127
2857,8A3BF060-FC85-44FD-A33E-E9A158932815,82EC2808-EFA5-45C7-B784-969AB3528CF5,128
2858,8A3BF060-FC85-44FD-A33E-E9A158932815,7DB09C5F-2FA9-45C1-99BD-6FB846B1018A,129
2859,8A3BF060-FC85-44FD-A33E-E9A158932815,20F5A257-18E0-4347-9606-F8A14A825478,130
2860,8A3BF060-FC85-44FD-A33E-E9A158932815,983AA1E8-1810-41AC-AF8E-0B971EA960DF,131
2861,8A3BF060-FC85-44FD-A33E-E9A158932815,639B1463-ED98-46C0-A5C8-0D7C18743849,132
2862,8A3BF060-FC85-44FD-A33E-E9A158932815,ADC201A4-2BDC-4125-9CCB-995219FE3C6D,133
2863,8A3BF060-FC85-44FD-A33E-E9A158932815,CE1820D1-6694-4DAE-B1D6-F5CAD58F5FA6,134
2864,8A3BF060-FC85-44FD-A33E-E9A158932815,64EAE9C0-13BA-4048-8C03-7A4E4DDEE27D,135
2865,8A3BF060-FC85-44FD-A33E-E9A158932815,2130C784-E4C6-4AF6-B5DD-67DDC7EAC1F4,136
2866,8A3BF060-FC85-44FD-A33E-E9A158932815,C48B9401-B08A-4363-B6F0-909895411BBD,137
2867,8A3BF060-FC85-44FD-A33E-E9A158932815,55A7C446-ED99-4194-880E-325B817E02B1,138
2868,8A3BF060-FC85-44FD-A33E-E9A158932815,DC071EC7-277D-4F99-910C-B6143B6FC525,139
2869,8A3BF060-FC85-44FD-A33E-E9A158932815,44E776CB-3153-4D3C-8B37-388AF5ADD5C1,140
2870,8A3BF060-FC85-44FD-A33E-E9A158932815,75BBEA2B-91CD-49E2-AD62-B1917FA4296C,141
2871,8A3BF060-FC85-44FD-A33E-E9A158932815,8715CC64-4ECD-4829-9490-12244A6857B5,142
2872,8A3BF060-FC85-44FD-A33E-E9A158932815,0752E95F-8C10-47E2-955B-138A1911DC04,143
2873,8A3BF060-FC85-44FD-A33E-E9A158932815,C6F8ABFD-0526-4BF0-AFB0-3C594B1B4B9B,144
2874,8A3BF060-FC85-44FD-A33E-E9A158932815,612754B6-8868-474A-A410-AFA164621AD5,145
2875,8A3BF060-FC85-44FD-A33E-E9A158932815,4CF72349-A50D-43F7-ABFF-D2E7FC23CA06,146
2876,8A3BF060-FC85-44FD-A33E-E9A158932815,2FFDE796-AFDE-4621-B47D-E144976E3BA1,147
2877,8A3BF060-FC85-44FD-A33E-E9A158932815,D5B8EF2B-B511-444E-9142-0356F39C6FC5,148
2878,8A3BF060-FC85-44FD-A33E-E9A158932815,79734E17-8595-46CE-86BF-400D1BBB8AAA,149
2879,8A3BF060-FC85-44FD-A33E-E9A158932815,E5D54E74-6ADB-4481-A04F-9FD63BB486B0,150
2880,8A3BF060-FC85-44FD-A33E-E9A158932815,04E741EF-19FA-4699-958C-76ACAA86925D,151
2881,8A3BF060-FC85-44FD-A33E-E9A158932815,5DE66F5D-33FA-40ED-AEF1-EF5C5EA6F583,152
2882,8A3BF060-FC85-44FD-A33E-E9A158932815,571ECB3C-EE80-4F79-B092-B793A008A058,153
2883,8A3BF060-FC85-44FD-A33E-E9A158932815,8857B170-BE0B-45A7-97CA-F94E2B47156A,154
2884,8A3BF060-FC85-44FD-A33E-E9A158932815,27EA9E14-D399-478D-8184-DA39BA0BA876,155
2885,8A3BF060-FC85-44FD-A33E-E9A158932815,65E1524A-98C6-48C2-A201-9AA4610AC635,156
2886,8A3BF060-FC85-44FD-A33E-E9A158932815,2ACA28AA-B821-42B6-B2EF-7150C00E6E9B,157
2887,8A3BF060-FC85-44FD-A33E-E9A158932815,E1203E95-8CF8-4F69-A7DF-22CCDB8C5075,158
2888,8A3BF060-FC85-44FD-A33E-E9A158932815,ACF7ABFA-FB0C-4881-BE85-B7E49A782450,159
2889,8A3BF060-FC85-44FD-A33E-E9A158932815,F3B964FC-2478-480C-B59C-B083F22ED4F6,160
2890,8A3BF060-FC85-44FD-A33E-E9A158932815,44575B31-F3FA-4E37-90F0-C3056FF01F58,161
2891,8A3BF060-FC85-44FD-A33E-E9A158932815,4652499A-C533-4B54-A3C4-471964AEC0BC,162
2893,8A3BF060-FC85-44FD-A33E-E9A158932815,FAA0F5DC-E15F-4D71-A9B1-482F28FAD267,164
2894,8A3BF060-FC85-44FD-A33E-E9A158932815,541A201F-2CBD-47A5-AD1C-73BAEE56A402,165
2897,A11DE545-3893-475F-A9F0-43727ED80A76,BAB73A68-5709-4B97-96B8-784D8A24B82D,92
2900,68BE8323-AAB7-490C-80A7-CD7830A07C03,3E241047-2A86-47DC-96EA-6649D2C031EF,0
2902,8A3BF060-FC85-44FD-A33E-E9A158932815,04536CA5-330B-45DA-AE42-4640A21B3C0A,167
2907,BAC4282D-7FCA-4B43-9584-510E07A155D6,F09EE8AA-770B-44A1-B105-D19FC62DF342,19
2908,BAC4282D-7FCA-4B43-9584-510E07A155D6,0D7AEC63-6936-4569-A6F4-BE1CDFBEEB1C,20
2909,A11DE545-3893-475F-A9F0-43727ED80A76,5E3532CA-3221-4A26-A12C-D5F9830E7C54,93
2910,BAC4282D-7FCA-4B43-9584-510E07A155D6,37C61583-5470-425D-8591-4C59F3F0C17B,21
2960,BAC4282D-7FCA-4B43-9584-510E07A155D6,DB464646-1753-4FDC-9BA5-B77C796749F5,22
2961,A11DE545-3893-475F-A9F0-43727ED80A76,D330F9C7-393B-43FD-A52F-B523AA8D07EF,95
3030,BAC4282D-7FCA-4B43-9584-510E07A155D6,99AA4399-3557-4707-85FE-4C505AA05894,23
3038,BAC4282D-7FCA-4B43-9584-510E07A155D6,BF01FB18-CC1B-4E10-8448-E4A897E993BF,24
3162,81B687D9-9757-4085-A133-50BA991498D9,80E22CC5-2A1F-4A40-83ED-2B3FBF0CB6B5,0
3163,81B687D9-9757-4085-A133-50BA991498D9,A80C4123-4FE1-4E30-9360-9B7C0D270802,1
3164,81B687D9-9757-4085-A133-50BA991498D9,61E1DEBD-18DB-41BD-BFC2-132A26C5B1DA,2
3165,81B687D9-9757-4085-A133-50BA991498D9,46BBDC45-0A32-4551-9108-5182DEE6C654,3
3166,81B687D9-9757-4085-A133-50BA991498D9,DAEF23F8-6B5A-484B-BE64-93DC29D16835,4
3167,81B687D9-9757-4085-A133-50BA991498D9,B0DBA95E-B9F9-4B16-88B4-6CB5E3ED7BF0,5
3168,81B687D9-9757-4085-A133-50BA991498D9,469DB193-87D1-495A-B06E-9395DB18D0D8,6
3169,81B687D9-9757-4085-A133-50BA991498D9,DDA75A52-2F92-4901-8FEC-ACE65A375192,7
3170,81B687D9-9757-4085-A133-50BA991498D9,60E92024-4E8D-43D5-AE79-A1F5CF6DC7F8,8
3171,81B687D9-9757-4085-A133-50BA991498D9,E2214287-17D4-43EA-8AAF-BFEF02B613B6,9
3172,81B687D9-9757-4085-A133-50BA991498D9,C9B60603-6666-4D27-B222-C1948619C364,10
3173,81B687D9-9757-4085-A133-50BA991498D9,A7E7E7C3-96EB-487F-B2CF-ED84864F6EEB,11
3174,81B687D9-9757-4085-A133-50BA991498D9,3AADE2CF-0036-469C-833A-264896BDA8AA,12
3175,81B687D9-9757-4085-A133-50BA991498D9,2F40E050-3AD2-4BA5-A9FF-FE038FA83A66,13
3176,81B687D9-9757-4085-A133-50BA991498D9,4CC4689E-118D-4529-8C84-B89AD0BDBE97,14
3177,81B687D9-9757-4085-A133-50BA991498D9,68EA68C0-C936-458C-AFF8-95B8E214AE00,15
3178,81B687D9-9757-4085-A133-50BA991498D9,C80F1EA4-15EC-4454-98CD-4B565A0BBD04,16
3179,81B687D9-9757-4085-A133-50BA991498D9,AE1A09F1-EAC5-4F80-8CF0-98259007ECA4,17
3180,81B687D9-9757-4085-A133-50BA991498D9,6B340D76-9627-4526-86BD-0A04B37CF341,18
3181,81B687D9-9757-4085-A133-50BA991498D9,707B799D-D58E-4FE0-B4EE-897288E778C6,19
3182,81B687D9-9757-4085-A133-50BA991498D9,61109427-9DD6-4E5B-8210-DAD357C23999,20
3183,81B687D9-9757-4085-A133-50BA991498D9,04FF29ED-E7D1-4E41-8ABE-D9106504F0ED,21
3184,81B687D9-9757-4085-A133-50BA991498D9,310612AE-C09D-432E-AB89-B6A7DF412E41,22
3185,81B687D9-9757-4085-A133-50BA991498D9,09177AC0-F2FB-41B7-8B56-AF98E4C70962,23
3186,81B687D9-9757-4085-A133-50BA991498D9,33740FFF-AE21-4F92-A9DB-EA6369B656C4,24
3187,81B687D9-9757-4085-A133-50BA991498D9,B8A11A67-BE9F-41BA-BAD9-597E2287A5B1,25
3188,81B687D9-9757-4085-A133-50BA991498D9,EA2260D2-6430-44A4-80C8-284B1988C78A,26
3189,81B687D9-9757-4085-A133-50BA991498D9,76A00D8C-79CA-4D43-BAF9-58F1256BE9EE,27
3190,81B687D9-9757-4085-A133-50BA991498D9,5CCF0461-B2D9-4A5E-8DFC-3AE7EBD3DA3E,28
3191,81B687D9-9757-4085-A133-50BA991498D9,7CBD15E7-BC0C-4386-9627-89E2D50654AF,29
3192,81B687D9-9757-4085-A133-50BA991498D9,6C54F677-AEFA-4038-A8D8-C9EC88C45B6E,30
3193,81B687D9-9757-4085-A133-50BA991498D9,44E776CB-3153-4D3C-8B37-388AF5ADD5C1,31
3194,81B687D9-9757-4085-A133-50BA991498D9,AEB7BD2A-5337-48F8-9104-170CDD290975,32
3195,81B687D9-9757-4085-A133-50BA991498D9,E6147904-A680-4F2F-8C79-667C697AB769,33
3196,81B687D9-9757-4085-A133-50BA991498D9,929939ED-14C5-4835-92E9-78EA56C58952,34
3197,81B687D9-9757-4085-A133-50BA991498D9,CC499048-1450-4F1C-9F7D-9D4B0A5EC0F4,35
3198,81B687D9-9757-4085-A133-50BA991498D9,4C403A26-29C2-498E-885A-4AFB95E940E1,36
3199,81B687D9-9757-4085-A133-50BA991498D9,EF718769-67AB-4466-9C43-36218CDECF94,37
3200,81B687D9-9757-4085-A133-50BA991498D9,9A1D1C21-A02B-4B3A-BDC1-13931CB85581,38
3201,81B687D9-9757-4085-A133-50BA991498D9,5A6A00B1-E38E-4CDC-AFC0-2961D1366D9F,39
3202,81B687D9-9757-4085-A133-50BA991498D9,F3B7DE29-4539-4513-999B-2C2D6B84B168,40
3203,81B687D9-9757-4085-A133-50BA991498D9,696564D3-26EE-4F6E-8081-BDCA3CD6E70C,41
3205,81B687D9-9757-4085-A133-50BA991498D9,063A06CA-3EBE-472D-93D4-5D5C4FB23996,42
3213,F173C458-ED28-4C18-923F-369E98C6DA9B,2E32681D-3C09-4407-A91E-06BBFE8CE4C7,2
3412,135BADEB-FAFD-4641-AF9D-62ADF649A279,DC83DEED-8F47-45EC-8F86-AA9A23697F36,0
3413,135BADEB-FAFD-4641-AF9D-62ADF649A279,FA50102D-D40C-4E7C-A52E-61BA57554F5F,1
3414,135BADEB-FAFD-4641-AF9D-62ADF649A279,17A5446D-B764-47B8-83DE-805FD3767CF5,2
3415,135BADEB-FAFD-4641-AF9D-62ADF649A279,CED97690-F3AE-492D-BE40-889F8C36C54B,3
3416,135BADEB-FAFD-4641-AF9D-62ADF649A279,EA86F3E7-811F-421C-8F83-B9D93B56C0A4,4
3417,135BADEB-FAFD-4641-AF9D-62ADF649A279,5314BD9C-5ACA-47A1-B787-8B0F24927EA1,5
3418,135BADEB-FAFD-4641-AF9D-62ADF649A279,EC59D504-C626-4D27-84D7-FDB1F75913F5,6
3419,135BADEB-FAFD-4641-AF9D-62ADF649A279,1FC8401E-0415-484D-9C63-B0AB68D001E5,7
3420,135BADEB-FAFD-4641-AF9D-62ADF649A279,98DE8273-99DB-430A-BB58-64626BE7B60C,8
3421,135BADEB-FAFD-4641-AF9D-62ADF649A279,931515E6-EA4A-4FBA-B872-508D2EB93645,9
3422,135BADEB-FAFD-4641-AF9D-62ADF649A279,541934EC-62CD-4104-B6D6-E05E90150F94,10
3423,135BADEB-FAFD-4641-AF9D-62ADF649A279,75F210D2-1E2C-4DC3-9769-B1CC670A6022,11
3424,135BADEB-FAFD-4641-AF9D-62ADF649A279,E4099CA6-800A-48D8-B57B-B3E341B9A296,12
3425,135BADEB-FAFD-4641-AF9D-62ADF649A279,33066EB4-D9AB-4E3E-A7A1-B626A3A54F05,13
3426,135BADEB-FAFD-4641-AF9D-62ADF649A279,1DEA0AF2-D860-4621-BF4B-CD58DF16E229,14
3427,135BADEB-FAFD-4641-AF9D-62ADF649A279,B487299E-2280-4457-AA16-36B1929C2DF5,15
3428,135BADEB-FAFD-4641-AF9D-62ADF649A279,A1B98B61-E6B5-4882-AEFF-D3404ABDD04F,16
3429,135BADEB-FAFD-4641-AF9D-62ADF649A279,D0F26013-7339-497D-9EFF-32B1376C85C0,17
3430,135BADEB-FAFD-4641-AF9D-62ADF649A279,3E6F306F-3AAE-431C-B139-9AEA49D32AA5,18
3431,135BADEB-FAFD-4641-AF9D-62ADF649A279,2F919A32-F749-477D-B880-62CAF75BDCFD,19
3432,135BADEB-FAFD-4641-AF9D-62ADF649A279,878B11EB-46DF-4448-9A27-D3A5E5DFCBCF,20
3433,135BADEB-FAFD-4641-AF9D-62ADF649A279,DDFB8CDA-90FE-487B-A673-06DD497052C3,21
3434,135BADEB-FAFD-4641-AF9D-62ADF649A279,2BF65E17-C6E9-4750-817B-57948D90BA73,22
3435,135BADEB-FAFD-4641-AF9D-62ADF649A279,A2E67BB2-5DCB-440D-912D-9009EF4A5178,23
3436,135BADEB-FAFD-4641-AF9D-62ADF649A279,9299A296-0F6D-457D-B746-5DC5F3A49410,24
3437,135BADEB-FAFD-4641-AF9D-62ADF649A279,288E4F3C-271E-4E85-9830-58EFD2582FC4,25
3438,135BADEB-FAFD-4641-AF9D-62ADF649A279,E1EB3418-0E0D-4113-9107-405D27EB37E0,26
3439,135BADEB-FAFD-4641-AF9D-62ADF649A279,D9D9237F-278C-4D87-9809-D87FE8A7FCFE,27
3440,135BADEB-FAFD-4641-AF9D-62ADF649A279,4B867276-36DC-4399-B337-FECF67B3177A,28
3441,135BADEB-FAFD-4641-AF9D-62ADF649A279,1E858CAF-C8C0-4530-91A9-2CBD1EA46072,29
3442,135BADEB-FAFD-4641-AF9D-62ADF649A279,34A77199-FA7B-4F7E-A270-7478DAFCD967,30
3443,135BADEB-FAFD-4641-AF9D-62ADF649A279,B3463C47-E864-4182-84F2-90611A557FF5,31
3444,135BADEB-FAFD-4641-AF9D-62ADF649A279,1D3C9924-F42C-4859-9244-72A092EAEFE2,32
3445,135BADEB-FAFD-4641-AF9D-62ADF649A279,A92A3836-B983-4A78-99D8-151184EE583E,33
3446,135BADEB-FAFD-4641-AF9D-62ADF649A279,06164A53-BE81-44B4-8021-29E753033172,34
3447,135BADEB-FAFD-4641-AF9D-62ADF649A279,4F67863A-3423-459C-A06C-54AE5319B60D,35
3448,135BADEB-FAFD-4641-AF9D-62ADF649A279,888DEBD0-98AB-4F0F-98A2-F77BC2A2B10F,36
3449,135BADEB-FAFD-4641-AF9D-62ADF649A279,40CCCC0D-E5FB-485B-AB37-249DDA40FF02,37
3450,135BADEB-FAFD-4641-AF9D-62ADF649A279,C78AD69F-0A64-4B0E-A6BD-5788F1FC554D,38
3451,135BADEB-FAFD-4641-AF9D-62ADF649A279,9F550CFE-93F0-4BA4-9538-11EE44A312F5,39
3452,135BADEB-FAFD-4641-AF9D-62ADF649A279,F7EAC766-C5EC-4869-A831-AA2AE63B2945,40
3453,135BADEB-FAFD-4641-AF9D-62ADF649A279,B93F84E5-C6D2-4579-883D-83D234EE9BD5,41
3454,135BADEB-FAFD-4641-AF9D-62ADF649A279,98449006-C235-4D97-9F39-6A6FAD3504C7,42
3455,135BADEB-FAFD-4641-AF9D-62ADF649A279,B3A938B3-BFAA-4D5E-AB9F-3A4EBDEBBDAA,43
3456,135BADEB-FAFD-4641-AF9D-62ADF649A279,C1002E11-2AA9-4968-B1EB-0FF269348AEE,44
3457,135BADEB-FAFD-4641-AF9D-62ADF649A279,CDAD297A-96DD-4A39-A3EF-ADEDBFAB4475,45
3458,135BADEB-FAFD-4641-AF9D-62ADF649A279,3C9B50A1-2A09-4967-9663-48BE6160CB75,46
3459,135BADEB-FAFD-4641-AF9D-62ADF649A279,B8B11A92-2665-4E39-B0AF-BDAB7D12CDEA,47
3460,135BADEB-FAFD-4641-AF9D-62ADF649A279,D1BA32AE-6536-45F2-A9DD-DC0B99845369,48
3461,135BADEB-FAFD-4641-AF9D-62ADF649A279,7F02AB4C-595A-4C47-92D8-1947AFFEA891,49
3462,135BADEB-FAFD-4641-AF9D-62ADF649A279,90D026B7-8536-4392-9E98-A263AFCDCFF4,50
3463,135BADEB-FAFD-4641-AF9D-62ADF649A279,214AF3CB-7E2A-4D0C-9BBE-31E7210EBC09,51
3464,135BADEB-FAFD-4641-AF9D-62ADF649A279,D7EFD155-C62C-4B48-82C3-1D95B76DAA09,52
3465,135BADEB-FAFD-4641-AF9D-62ADF649A279,E43C22F0-F8E7-4087-A041-AE2EC3B6BBCE,53
3466,135BADEB-FAFD-4641-AF9D-62ADF649A279,90C3FAA9-6787-4E3D-B792-52EE19DD5F09,54
3467,135BADEB-FAFD-4641-AF9D-62ADF649A279,2BCBF531-EFAF-41C2-9CEA-A8D627330763,55
3468,135BADEB-FAFD-4641-AF9D-62ADF649A279,2E45C29C-0E48-484D-A10F-4CBA6BC2C174,56
3469,135BADEB-FAFD-4641-AF9D-62ADF649A279,E0E4AD54-ACA9-4853-AB64-CC1ABF771263,57
3470,135BADEB-FAFD-4641-AF9D-62ADF649A279,B119DDCF-50E8-40EA-B29F-F591ABC8166A,58
3471,135BADEB-FAFD-4641-AF9D-62ADF649A279,9DFBFDA5-B699-4CD6-997B-75093B248709,59
3472,135BADEB-FAFD-4641-AF9D-62ADF649A279,6317CE56-51F3-4514-B575-6AF43D039C26,60
3473,135BADEB-FAFD-4641-AF9D-62ADF649A279,425D37BE-7CCB-415F-BC44-CCF3FEF45E3F,61
3475,0A87BA66-EBC1-4DA7-BF04-A4F4B78796A0,7FC6DFFA-48BF-407E-BB2C-1BAC451B18C4,1
3476,0A87BA66-EBC1-4DA7-BF04-A4F4B78796A0,79EE5128-9A2C-4327-9258-E34F9ABEEFEA,2
3477,0A87BA66-EBC1-4DA7-BF04-A4F4B78796A0,9AD8B3A5-1EE7-4D58-AAD5-BD1A9DED32C6,3
3478,0A87BA66-EBC1-4DA7-BF04-A4F4B78796A0,7C3660E8-356A-4EE0-9A4D-D3640CAA27C0,4
3479,0A87BA66-EBC1-4DA7-BF04-A4F4B78796A0,85C85CB9-0FA5-4A12-AEC4-BA49C48C4333,5
3480,0A87BA66-EBC1-4DA7-BF04-A4F4B78796A0,2F104BC9-888D-4954-8603-8FBC963A5EA4,6
3481,0A87BA66-EBC1-4DA7-BF04-A4F4B78796A0,F31796F5-CF4B-42F7-B44B-D0AEDB67E578,7
3482,0A87BA66-EBC1-4DA7-BF04-A4F4B78796A0,CDA347AB-A97F-4BA6-BCF5-0D81A0E00DFD,8
3483,0A87BA66-EBC1-4DA7-BF04-A4F4B78796A0,0CC0CF8A-9508-436A-873E-0F6B531C7927,9
3484,0A87BA66-EBC1-4DA7-BF04-A4F4B78796A0,6380E386-124F-4496-A1F1-C58D17B012A8,10
3485,0A87BA66-EBC1-4DA7-BF04-A4F4B78796A0,0E5C6918-BC73-4B03-BB53-2D71B2861382,11
3486,0A87BA66-EBC1-4DA7-BF04-A4F4B78796A0,B5F786D7-08F9-448D-9757-6AA21703EA71,12
3487,0A87BA66-EBC1-4DA7-BF04-A4F4B78796A0,D20DB7CE-ED2B-4571-A012-C36829353DBD,13
3488,0A87BA66-EBC1-4DA7-BF04-A4F4B78796A0,0709AFBE-77E0-4876-A25B-EC5CF2E02F5D,14
3489,0A87BA66-EBC1-4DA7-BF04-A4F4B78796A0,8EB68B8A-6747-4408-AA69-160F73026CC2,15
3490,0A87BA66-EBC1-4DA7-BF04-A4F4B78796A0,189D232C-96CC-45BF-8530-8F8DC7F10593,16
3491,0A87BA66-EBC1-4DA7-BF04-A4F4B78796A0,6A6083A6-24C4-4586-B837-C832C39A4541,17
3492,0A87BA66-EBC1-4DA7-BF04-A4F4B78796A0,3F875493-FAE2-4B15-A254-5C55AE83693F,18
3493,0A87BA66-EBC1-4DA7-BF04-A4F4B78796A0,7CDB527C-1C28-4508-AB98-23A29B7F2FE9,19
3494,0A87BA66-EBC1-4DA7-BF04-A4F4B78796A0,D49EE28A-31C9-4A2E-B740-EF934338D89E,20
3495,0A87BA66-EBC1-4DA7-BF04-A4F4B78796A0,DA968617-5A14-4900-96D6-BF2CEEAE9C06,21
3496,0A87BA66-EBC1-4DA7-BF04-A4F4B78796A0,97FB68E8-29CF-4275-9964-F0E17AA68BF3,22
3497,0A87BA66-EBC1-4DA7-BF04-A4F4B78796A0,424F3311-AC91-43E9-B032-6165B5270E62,23
3498,0A87BA66-EBC1-4DA7-BF04-A4F4B78796A0,F4C898A1-57F8-44B8-9520-92A66FBA419D,24
3499,0A87BA66-EBC1-4DA7-BF04-A4F4B78796A0,003CE755-19E6-44AC-B525-A4CFDC542D19,25
3500,0A87BA66-EBC1-4DA7-BF04-A4F4B78796A0,5B5AD6E1-D019-4B51-8CD6-FDD83E36A56E,26
3501,0A87BA66-EBC1-4DA7-BF04-A4F4B78796A0,FCEBDAF4-F13B-45D0-B8E3-7E74F4EBC1E2,27
3502,0A87BA66-EBC1-4DA7-BF04-A4F4B78796A0,7FD76CB1-7FF1-465F-B59D-C24400173689,28
3503,0A87BA66-EBC1-4DA7-BF04-A4F4B78796A0,F0D76A29-03F2-4441-B83B-05E6AD2C7927,29
3504,0A87BA66-EBC1-4DA7-BF04-A4F4B78796A0,36672EF5-441D-4D18-993C-470BC890D004,30
3505,0A87BA66-EBC1-4DA7-BF04-A4F4B78796A0,8B9B445E-5BC0-4A9E-85D7-B459309446CF,31
3506,0A87BA66-EBC1-4DA7-BF04-A4F4B78796A0,4DE53BFB-247C-4B31-A675-708CEFC90E78,32
3507,0A87BA66-EBC1-4DA7-BF04-A4F4B78796A0,D1FEA4A9-EFAB-441C-9DBB-1C5BCF1D761F,33
3508,0A87BA66-EBC1-4DA7-BF04-A4F4B78796A0,A28A18B2-1562-4D5B-86D0-3EF3A931A02D,34
3509,0A87BA66-EBC1-4DA7-BF04-A4F4B78796A0,C9B0AFD3-A136-4B26-9E2E-A06948112183,35
3510,0A87BA66-EBC1-4DA7-BF04-A4F4B78796A0,8E379CBA-D83A-4D58-9327-2328626C8589,36
3511,0A87BA66-EBC1-4DA7-BF04-A4F4B78796A0,A7EA48A4-492C-42D4-9DF6-291785DD7093,37
3512,0A87BA66-EBC1-4DA7-BF04-A4F4B78796A0,15AFE6CC-1A7D-4B5C-BC5F-6C225DC9007D,38
3513,0A87BA66-EBC1-4DA7-BF04-A4F4B78796A0,944B26D5-27C6-4015-9D75-C2BCCAE88B29,39
3514,0A87BA66-EBC1-4DA7-BF04-A4F4B78796A0,372E72BF-A702-4C93-AFBC-492AC79A46E7,40
3515,0A87BA66-EBC1-4DA7-BF04-A4F4B78796A0,7941E185-30C2-4EE8-871A-2FD881AF82D3,41
3516,0A87BA66-EBC1-4DA7-BF04-A4F4B78796A0,FCA4A1CA-1D7E-41B5-8E21-0C3A9203ACAB,42
3517,0A87BA66-EBC1-4DA7-BF04-A4F4B78796A0,D0DF0F4B-6316-43E7-AA18-9384AF0833F8,43
3518,0A87BA66-EBC1-4DA7-BF04-A4F4B78796A0,09CA6942-CE52-45DB-B325-E800E7CE30F9,44
3519,0A87BA66-EBC1-4DA7-BF04-A4F4B78796A0,DD023EF9-1DDA-4B86-B0F1-18214D888CD2,45
3520,0A87BA66-EBC1-4DA7-BF04-A4F4B78796A0,EB0CE98E-9B7A-4808-896D-22AB93C65D63,46
3521,0A87BA66-EBC1-4DA7-BF04-A4F4B78796A0,59E9FCC8-EF9B-4D04-8454-CD56579A4A01,47
3522,0A87BA66-EBC1-4DA7-BF04-A4F4B78796A0,498E04D4-A173-450D-B175-5BA93CDC0965,48
3523,0A87BA66-EBC1-4DA7-BF04-A4F4B78796A0,6DC6B315-04FD-410D-8DEF-2EC42A8F5E86,49
3524,0A87BA66-EBC1-4DA7-BF04-A4F4B78796A0,D3578222-01B8-41E8-841D-AA0B5F0FD0FF,50
3525,0A87BA66-EBC1-4DA7-BF04-A4F4B78796A0,94BABA8D-B218-4F4B-8EC5-5B0635381B61,51
3526,0A87BA66-EBC1-4DA7-BF04-A4F4B78796A0,17BA7421-3D27-4D6D-8F0D-6336D9D6FB4A,52
3527,0A87BA66-EBC1-4DA7-BF04-A4F4B78796A0,24EFD2A9-AB58-4DC2-95DC-7B5B387A045B,53
3528,0A87BA66-EBC1-4DA7-BF04-A4F4B78796A0,079799D0-8C6B-462E-B184-4EEEFBA4A7E0,54
3529,0A87BA66-EBC1-4DA7-BF04-A4F4B78796A0,D5738350-3568-4A95-86FA-C634BC0B376C,55
3530,0A87BA66-EBC1-4DA7-BF04-A4F4B78796A0,45F7F57C-F5AE-4162-8DFA-DDE52F429677,56
3531,0A87BA66-EBC1-4DA7-BF04-A4F4B78796A0,32AE9408-9268-474B-A8E0-EA11C597CF53,57
3532,0A87BA66-EBC1-4DA7-BF04-A4F4B78796A0,125E45B3-F8CF-4B51-94AA-806F375CDB5F,58
3533,0A87BA66-EBC1-4DA7-BF04-A4F4B78796A0,E1B2ECED-00B1-49F0-A267-F492EE6270AA,59
3534,0A87BA66-EBC1-4DA7-BF04-A4F4B78796A0,160E6552-9D8D-4C46-B495-50062DAC56CC,60
3535,0A87BA66-EBC1-4DA7-BF04-A4F4B78796A0,65C152E1-5CB6-4CB1-B97F-FA4FD060DB5C,61
3536,0A87BA66-EBC1-4DA7-BF04-A4F4B78796A0,B9006DF3-AC58-4972-AB00-A21AAD166C8C,62
3537,0A87BA66-EBC1-4DA7-BF04-A4F4B78796A0,439A760E-D32E-4199-B4A3-EA919F5C8261,63
3538,0A87BA66-EBC1-4DA7-BF04-A4F4B78796A0,4DBF9E30-A1F1-4C31-BE80-C6B58E841BD2,64
3539,0A87BA66-EBC1-4DA7-BF04-A4F4B78796A0,3A331AC6-653B-49EB-AFEA-199F91494CBE,65
3540,0A87BA66-EBC1-4DA7-BF04-A4F4B78796A0,A5D8D65F-F466-4427-8396-D151F0366C0B,66
3542,0A87BA66-EBC1-4DA7-BF04-A4F4B78796A0,E654516D-F510-4B5A-899F-EECB8AEF4072,67
4196,81B687D9-9757-4085-A133-50BA991498D9,80441FD4-76A8-4B22-B6B8-4F7891DAB0FE,43
4221,8A3BF060-FC85-44FD-A33E-E9A158932815,7A92AF9B-5ADE-40A6-99F9-5DEA4DC13484,176
4254,8A3BF060-FC85-44FD-A33E-E9A158932815,86BC46CD-1E6E-41FF-925F-E009947DC380,177
4448,DC260E80-B041-41AA-B2B6-DCC3AB5EE6A1,6025E6F8-9A44-4AE1-B3DD-A114308D957B,49
4463,DC260E80-B041-41AA-B2B6-DCC3AB5EE6A1,9C341820-4BA4-4A1A-BC38-8A863C984981,64
4464,605B8BE4-B39B-45B0-B5A1-FFDAD4763912,747DA4D1-5B22-4E13-8CCF-84F1FE70719B,0
4465,605B8BE4-B39B-45B0-B5A1-FFDAD4763912,3226A85C-1C59-4690-A802-4D6928752814,1
4466,605B8BE4-B39B-45B0-B5A1-FFDAD4763912,20FB186B-BA03-4297-BA20-08A5E8214623,2
4467,605B8BE4-B39B-45B0-B5A1-FFDAD4763912,1AC227A0-B6E8-4CE2-BD4C-BCD4061565D8,3
4468,605B8BE4-B39B-45B0-B5A1-FFDAD4763912,E500BAC7-5F97-4285-8F3C-5E90A82525BC,4
4469,605B8BE4-B39B-45B0-B5A1-FFDAD4763912,E776E2F9-EBD0-4B8D-B210-E30B679AF1DB,5
4470,605B8BE4-B39B-45B0-B5A1-FFDAD4763912,DE3FB2EC-3FBE-4C96-81ED-6A698C093867,6
4471,605B8BE4-B39B-45B0-B5A1-FFDAD4763912,965E7397-BCFF-4DA9-A65C-A5BAADE9B1FC,7
4472,605B8BE4-B39B-45B0-B5A1-FFDAD4763912,A1F8A6CF-472C-407B-861B-1A3F62A18A68,8
4473,605B8BE4-B39B-45B0-B5A1-FFDAD4763912,1CADC706-0173-4D9B-BE55-E62992E35FA4,9
4474,605B8BE4-B39B-45B0-B5A1-FFDAD4763912,4334A109-02FD-435E-9AAB-ECA3AF7BBED8,10
4475,605B8BE4-B39B-45B0-B5A1-FFDAD4763912,2DBBB7A2-E423-4936-9633-0989943472BB,11
4476,605B8BE4-B39B-45B0-B5A1-FFDAD4763912,0602275E-87AD-4B7F-AB1B-8C7129E40876,12
4477,605B8BE4-B39B-45B0-B5A1-FFDAD4763912,42416F26-4FCD-4BF8-8DC3-C63E2A03B3CE,13
4478,605B8BE4-B39B-45B0-B5A1-FFDAD4763912,39C44BBA-26E2-447B-B6E7-762C1BC507F4,14
4479,605B8BE4-B39B-45B0-B5A1-FFDAD4763912,8032A3F3-3614-48F6-AF1B-AB682C94EB4C,15
4480,605B8BE4-B39B-45B0-B5A1-FFDAD4763912,233936F5-1A99-4A04-A985-30762F8B513F,16
4481,605B8BE4-B39B-45B0-B5A1-FFDAD4763912,D913CC3B-BFF3-494F-B2F2-1D6C5387DBC4,17
4482,605B8BE4-B39B-45B0-B5A1-FFDAD4763912,819A444E-2BD4-4CD2-A697-F5C0186B91E0,18
4483,605B8BE4-B39B-45B0-B5A1-FFDAD4763912,13068A13-677D-485B-813D-A4AB47656B5D,19
4484,605B8BE4-B39B-45B0-B5A1-FFDAD4763912,9C341820-4BA4-4A1A-BC38-8A863C984981,20
4485,605B8BE4-B39B-45B0-B5A1-FFDAD4763912,7A92AF9B-5ADE-40A6-99F9-5DEA4DC13484,21
4486,605B8BE4-B39B-45B0-B5A1-FFDAD4763912,D84994E4-A93A-408D-8D7A-1811FE32D226,22
4487,605B8BE4-B39B-45B0-B5A1-FFDAD4763912,85D1AA49-FC20-4ED2-A160-D747F3E57E38,23
4488,605B8BE4-B39B-45B0-B5A1-FFDAD4763912,0FAC642E-0076-4982-8AB3-D0181EC6708D,24
4489,605B8BE4-B39B-45B0-B5A1-FFDAD4763912,ACEB5F3E-D6DC-4B79-A125-A545D8E89784,25
4490,605B8BE4-B39B-45B0-B5A1-FFDAD4763912,183ABE52-FD77-4239-B69E-C7AB130110BC,26
4491,605B8BE4-B39B-45B0-B5A1-FFDAD4763912,9BDF91E7-CD14-43D9-A2D6-33A1663D5F4B,27
4492,605B8BE4-B39B-45B0-B5A1-FFDAD4763912,DB70E3DB-EF34-4EFE-AE19-2988CB020327,28
4493,605B8BE4-B39B-45B0-B5A1-FFDAD4763912,0E2DA971-8E56-4A76-9226-F1F4C7EBEA4A,29
4494,605B8BE4-B39B-45B0-B5A1-FFDAD4763912,3B30F249-1194-4132-82D7-D791525372B0,30
4495,605B8BE4-B39B-45B0-B5A1-FFDAD4763912,52AAF408-C4B3-4254-A34C-7F7C75996925,31
4496,605B8BE4-B39B-45B0-B5A1-FFDAD4763912,740AB09B-9258-42D9-82F4-9C3D0C8E8DF3,32
4497,605B8BE4-B39B-45B0-B5A1-FFDAD4763912,B991AC36-242D-446D-BF69-BBE5CE395FDA,33
4498,605B8BE4-B39B-45B0-B5A1-FFDAD4763912,EC502DD8-48DB-41FF-A713-07048407BBFE,34
4499,605B8BE4-B39B-45B0-B5A1-FFDAD4763912,252EC45A-0EF1-46FD-875F-4F010AF95CB9,35
4500,605B8BE4-B39B-45B0-B5A1-FFDAD4763912,0A9F3EDD-1A01-4A85-AD62-D7A6579881E5,36
4501,605B8BE4-B39B-45B0-B5A1-FFDAD4763912,47C5BFD2-4341-4ECC-B9CD-EC2E0F884E88,37
4502,605B8BE4-B39B-45B0-B5A1-FFDAD4763912,2F021D8C-A1E7-405B-9BB6-BF7447A11D5C,38
4503,605B8BE4-B39B-45B0-B5A1-FFDAD4763912,541AE114-5D01-4EB4-99E5-C54AA69F51F7,39
4504,605B8BE4-B39B-45B0-B5A1-FFDAD4763912,D8A90E26-DF27-4BF6-A0B6-889F8DE5494F,40
4505,605B8BE4-B39B-45B0-B5A1-FFDAD4763912,B336B5D8-B947-4183-9940-37E24F8665AB,41
4506,605B8BE4-B39B-45B0-B5A1-FFDAD4763912,4A581B95-2207-4B46-BBCE-90C9F394F33A,42
4507,605B8BE4-B39B-45B0-B5A1-FFDAD4763912,987A5F55-38B2-448B-B981-7381D06DB08B,43
4508,605B8BE4-B39B-45B0-B5A1-FFDAD4763912,29F414B0-9E73-429E-9670-F3C650A46655,44
4509,605B8BE4-B39B-45B0-B5A1-FFDAD4763912,D562DFA6-4EA0-43C4-8B0F-9C2356B9DB1C,45
4510,605B8BE4-B39B-45B0-B5A1-FFDAD4763912,261F83BA-159A-4A1D-B2F0-743A2FFD9D66,46
4511,605B8BE4-B39B-45B0-B5A1-FFDAD4763912,3A7298F3-2968-4E67-93F6-660AA6B5EC12,47
4512,605B8BE4-B39B-45B0-B5A1-FFDAD4763912,3F9E4C17-3E7D-42A6-A6F8-731E92AABFDF,48
4513,605B8BE4-B39B-45B0-B5A1-FFDAD4763912,C92D9C40-6E39-4496-AC19-7598D2EC059A,49
4514,605B8BE4-B39B-45B0-B5A1-FFDAD4763912,86BC46CD-1E6E-41FF-925F-E009947DC380,50
4515,605B8BE4-B39B-45B0-B5A1-FFDAD4763912,D24454BC-6B46-4A14-BC03-DC0C47E05A0F,51
4516,605B8BE4-B39B-45B0-B5A1-FFDAD4763912,819DA21F-C98F-4104-9C23-B80C0C27A329,52
4517,605B8BE4-B39B-45B0-B5A1-FFDAD4763912,8C363858-DF09-46C7-BD97-356F4D0C2736,53
4518,605B8BE4-B39B-45B0-B5A1-FFDAD4763912,6F2992EE-E51A-43BE-884D-2AAFA390E2FF,54
4519,605B8BE4-B39B-45B0-B5A1-FFDAD4763912,1B8C841C-A848-4418-817A-161542AEB67B,55
4520,605B8BE4-B39B-45B0-B5A1-FFDAD4763912,87C3A0A6-ABC7-4E95-B352-A863494F2CF5,56
4521,605B8BE4-B39B-45B0-B5A1-FFDAD4763912,BFB3D903-208D-4306-B4F0-770747773F37,57
4522,605B8BE4-B39B-45B0-B5A1-FFDAD4763912,781AEA39-3CBC-4209-A48F-17BDB4221352,58
4523,605B8BE4-B39B-45B0-B5A1-FFDAD4763912,0EBFEEEE-809E-417A-A9D4-43D102C495C4,59
4524,605B8BE4-B39B-45B0-B5A1-FFDAD4763912,1E552FB3-D118-4DED-9525-55AF6AFAAC63,60
4525,605B8BE4-B39B-45B0-B5A1-FFDAD4763912,1D4F7EC8-3B27-4398-8B3F-AAF4FF68F4FE,61
4526,605B8BE4-B39B-45B0-B5A1-FFDAD4763912,4649B250-A77C-4730-9639-E887D9B59707,62
4527,605B8BE4-B39B-45B0-B5A1-FFDAD4763912,34020FCA-C04A-4473-99DA-D9987C9A45D6,63
4529,605B8BE4-B39B-45B0-B5A1-FFDAD4763912,596C18D1-139C-44A0-A42B-6EB586A853C0,64
4530,DC260E80-B041-41AA-B2B6-DCC3AB5EE6A1,D23EDE12-004E-4A81-911D-3E3F1748A8C0,65
4531,DC260E80-B041-41AA-B2B6-DCC3AB5EE6A1,2F4B1524-BF42-4984-9AD7-18528FBCF513,66
4532,DC260E80-B041-41AA-B2B6-DCC3AB5EE6A1,276F3E99-9753-4AC2-88FC-B56FCADE4E69,67
4533,DC260E80-B041-41AA-B2B6-DCC3AB5EE6A1,02272BFC-0587-4C3A-8E01-9C38C626B713,68
4534,DC260E80-B041-41AA-B2B6-DCC3AB5EE6A1,1D855A3A-121E-4D9D-B8EE-8F00394B8A57,69
4535,DC260E80-B041-41AA-B2B6-DCC3AB5EE6A1,A3F34D47-6045-4A0C-A364-85D332684DC5,70
4536,DC260E80-B041-41AA-B2B6-DCC3AB5EE6A1,7861AD05-D224-484D-B8D5-AF12B294AA7B,71
4537,DC260E80-B041-41AA-B2B6-DCC3AB5EE6A1,F08AB48F-8997-4300-B80C-C7320E8CAE55,72
4538,DC260E80-B041-41AA-B2B6-DCC3AB5EE6A1,CDDD30DB-00E8-4AE1-834E-F06F40115C24,73
4539,DC260E80-B041-41AA-B2B6-DCC3AB5EE6A1,999E2ABF-CB58-44F8-824D-42CABCE2B75F,74
4540,DC260E80-B041-41AA-B2B6-DCC3AB5EE6A1,545BA069-81F2-450B-9E40-4C9F82B37549,75
4541,DC260E80-B041-41AA-B2B6-DCC3AB5EE6A1,15824F28-78FE-4994-B3AD-E904903D0395,76
4542,A11DE545-3893-475F-A9F0-43727ED80A76,15824F28-78FE-4994-B3AD-E904903D0395,98
4543,DC260E80-B041-41AA-B2B6-DCC3AB5EE6A1,FF09247E-3749-4744-BE49-68B4EB58F722,77
4544,DC260E80-B041-41AA-B2B6-DCC3AB5EE6A1,69192753-CDA1-498A-A78A-95802938FCBB,78
4545,DC260E80-B041-41AA-B2B6-DCC3AB5EE6A1,6941EC16-2E6C-4884-A7CE-3B231F6A6F64,79
4546,DC260E80-B041-41AA-B2B6-DCC3AB5EE6A1,F9E1AF0C-61AC-4042-A6DF-20B966B1C846,80
4547,DC260E80-B041-41AA-B2B6-DCC3AB5EE6A1,1C8ACF40-C254-4CB7-9F6A-40B1B306F509,81
4549,DC260E80-B041-41AA-B2B6-DCC3AB5EE6A1,040076E1-3B98-4EC8-BA5F-3150D45DC901,82
4550,DC260E80-B041-41AA-B2B6-DCC3AB5EE6A1,85194520-8E52-4F7F-A60D-FEF1C4801772,83
4551,AEAB7065-59F3-44F9-A9E6-ADF1A6B41078,85194520-8E52-4F7F-A60D-FEF1C4801772,37
4552,DC260E80-B041-41AA-B2B6-DCC3AB5EE6A1,790EE6EB-BBC2-4174-B986-13E41F75FF89,84
4553,DC260E80-B041-41AA-B2B6-DCC3AB5EE6A1,F11BC666-5705-43EC-9783-2036DC021C7A,85
4554,DC260E80-B041-41AA-B2B6-DCC3AB5EE6A1,E2E930D7-714D-40FC-9D75-0CCDD1155D0D,86
4555,DC260E80-B041-41AA-B2B6-DCC3AB5EE6A1,6D21B44B-5249-4E17-9800-6C65BE6C2719,87
4556,DC260E80-B041-41AA-B2B6-DCC3AB5EE6A1,B9FE6EC4-0D69-401E-9CDF-B47F77D995C2,88
4557,DC260E80-B041-41AA-B2B6-DCC3AB5EE6A1,B1C59647-3322-4B05-A6EA-73901AEDCC3A,89
4558,DC260E80-B041-41AA-B2B6-DCC3AB5EE6A1,57CE178A-72C2-4AD7-AF5C-A91E1CD750ED,90
4559,DC260E80-B041-41AA-B2B6-DCC3AB5EE6A1,7C367F05-2AA5-42C1-B36D-39FB1F98B70D,91
4560,DC260E80-B041-41AA-B2B6-DCC3AB5EE6A1,B794C245-6278-4FF0-A444-DC263D33E596,92
4561,DC260E80-B041-41AA-B2B6-DCC3AB5EE6A1,2F7C7AC2-DD07-425D-8A1C-DE4DB865D3DE,93
4562,DC260E80-B041-41AA-B2B6-DCC3AB5EE6A1,73F1E60D-1DA3-4360-8557-DDC1BD37BB3D,94
4563,DC260E80-B041-41AA-B2B6-DCC3AB5EE6A1,B4BE683D-0893-46A6-94F9-7F49EA24DA42,95
4564,DC260E80-B041-41AA-B2B6-DCC3AB5EE6A1,9E819CDF-0A94-47A9-82A3-88CCE512BC72,96
4565,DC260E80-B041-41AA-B2B6-DCC3AB5EE6A1,F57173F9-421A-49E3-B779-B995FDA6C501,97
4566,A11DE545-3893-475F-A9F0-43727ED80A76,F57173F9-421A-49E3-B779-B995FDA6C501,99
4567,DC260E80-B041-41AA-B2B6-DCC3AB5EE6A1,FD9D7A75-448D-4603-973B-4C87663C53CD,98
4568,DC260E80-B041-41AA-B2B6-DCC3AB5EE6A1,06D1197F-FD59-45C4-9210-CAA08088BC5A,99
4569,DC260E80-B041-41AA-B2B6-DCC3AB5EE6A1,2774F84D-38D9-4874-B098-C3E68C7F157A,100
4570,DC260E80-B041-41AA-B2B6-DCC3AB5EE6A1,FCDA0B66-D8B5-4413-8717-E3FC07ECB41E,101
4571,DC260E80-B041-41AA-B2B6-DCC3AB5EE6A1,0C276BFF-AA05-416D-BEC8-6FB8B778E5B8,102
4572,DC260E80-B041-41AA-B2B6-DCC3AB5EE6A1,31DBF166-570A-46B6-A842-03B5E39F5289,103
4573,DC260E80-B041-41AA-B2B6-DCC3AB5EE6A1,F4D23EF5-DD2E-4375-BFB3-7EB1849C9BA5,104
4574,DC260E80-B041-41AA-B2B6-DCC3AB5EE6A1,7566ECCD-0D71-4D71-A01C-0F2368EA17AB,105
4575,DC260E80-B041-41AA-B2B6-DCC3AB5EE6A1,411E32C9-1E1B-422D-BFAD-DCB5B4C3E229,106
4576,DC260E80-B041-41AA-B2B6-DCC3AB5EE6A1,241411A7-07D2-446F-BF4E-C7364A1C13D9,107
4577,DC260E80-B041-41AA-B2B6-DCC3AB5EE6A1,D90A938B-328C-46A4-9CF9-095439A3C344,108
4578,DC260E80-B041-41AA-B2B6-DCC3AB5EE6A1,5A003F3C-5626-469E-8DF4-75C87B54B33C,109
4579,DC260E80-B041-41AA-B2B6-DCC3AB5EE6A1,AB7DED43-E414-4B5E-A124-5A04737DD32A,110
4580,DC260E80-B041-41AA-B2B6-DCC3AB5EE6A1,C3480EC0-AF6B-4B49-AF0F-E8FEB3EEF6AF,111
4581,DC260E80-B041-41AA-B2B6-DCC3AB5EE6A1,0C45540E-4B1C-4610-A2C0-AED2D2B45B99,112
4582,DC260E80-B041-41AA-B2B6-DCC3AB5EE6A1,65D95099-B72A-4BB2-9C20-6E1EF0818D51,113
4583,DC260E80-B041-41AA-B2B6-DCC3AB5EE6A1,337BFD9C-C688-4796-9FC7-4F618FE64F96,114
4584,DC260E80-B041-41AA-B2B6-DCC3AB5EE6A1,53BB00B5-7AA8-46A5-A9DA-8690A1FFD39F,115
4585,DC260E80-B041-41AA-B2B6-DCC3AB5EE6A1,C36DFDB3-279C-4579-8A6E-164D6CEB4228,116
4586,DC260E80-B041-41AA-B2B6-DCC3AB5EE6A1,D6C7818A-1B3A-4F19-92C6-5D0D257FE889,117
4587,A11DE545-3893-475F-A9F0-43727ED80A76,D6C7818A-1B3A-4F19-92C6-5D0D257FE889,100
4588,DC260E80-B041-41AA-B2B6-DCC3AB5EE6A1,A52661B3-8F93-42CA-9EBA-ECAF41DC36EE,118
4589,DC260E80-B041-41AA-B2B6-DCC3AB5EE6A1,FD085EB0-9CA9-4EC5-9DCB-9526AC7E4AA8,119
4590,DC260E80-B041-41AA-B2B6-DCC3AB5EE6A1,9143CA46-03D4-45A0-9BBC-7446A9FD54E9,120
4591,DC260E80-B041-41AA-B2B6-DCC3AB5EE6A1,47067232-D929-409B-B463-3555C59B614D,121
4592,DC260E80-B041-41AA-B2B6-DCC3AB5EE6A1,C55B7501-2A11-44EA-95C6-96D3138B2FDC,122
4594,DC260E80-B041-41AA-B2B6-DCC3AB5EE6A1,AEE8DAAD-8064-4797-AAE3-742260E4EBA4,123
4595,DC260E80-B041-41AA-B2B6-DCC3AB5EE6A1,4C34A1E5-EBF5-42A6-BABD-CB18CAA2905F,124
4596,DC260E80-B041-41AA-B2B6-DCC3AB5EE6A1,6AF4012A-AAE4-4708-BA79-27A522E1D888,125
4597,DC260E80-B041-41AA-B2B6-DCC3AB5EE6A1,A66A04CF-ACE3-430D-8340-E9D70E243BF6,126
4598,DC260E80-B041-41AA-B2B6-DCC3AB5EE6A1,EDA0D986-7DC8-4AEF-B76C-0CAE340399DF,127
4599,AEAB7065-59F3-44F9-A9E6-ADF1A6B41078,53E28D57-646F-4942-9316-96F9BB48123E,38
4600,AEAB7065-59F3-44F9-A9E6-ADF1A6B41078,12ACDFF8-C19D-40FF-97C5-C67F136B11AC,39
4601,AEAB7065-59F3-44F9-A9E6-ADF1A6B41078,A0477886-9243-4A20-861B-7A2E817B3729,40
4602,AEAB7065-59F3-44F9-A9E6-ADF1A6B41078,3EC13D0C-F11F-46C2-B136-93531D0DB460,41
4603,AEAB7065-59F3-44F9-A9E6-ADF1A6B41078,C0E45889-73AE-4CB7-BA11-4699D0ED56FD,42
4604,AEAB7065-59F3-44F9-A9E6-ADF1A6B41078,3E4C45A3-A57F-48B3-9F56-445FDF105603,43
4605,AEAB7065-59F3-44F9-A9E6-ADF1A6B41078,363CD1BC-8A41-4970-BCBF-22EC2578ED80,44
4607,AEAB7065-59F3-44F9-A9E6-ADF1A6B41078,73BAC256-AFBF-49CC-B0AD-19EBF9174580,45
4608,AEAB7065-59F3-44F9-A9E6-ADF1A6B41078,F33AB9FD-F58F-431E-A320-11BFBA3B16DE,46
4609,AEAB7065-59F3-44F9-A9E6-ADF1A6B41078,80269697-EC61-4AB1-BB71-738A6724330B,47
4610,AEAB7065-59F3-44F9-A9E6-ADF1A6B41078,E9F14BD6-261F-4F4E-9628-AC214A5D2C40,48
4612,AEAB7065-59F3-44F9-A9E6-ADF1A6B41078,807F463E-0CE8-4D2F-B02E-75971DE15115,49
4613,AEAB7065-59F3-44F9-A9E6-ADF1A6B41078,A316D542-7A3C-433B-9EAB-4B271BB9D012,50
4614,AEAB7065-59F3-44F9-A9E6-ADF1A6B41078,5D08E794-3200-4ABD-83D1-44FA4163AA56,51
4615,AEAB7065-59F3-44F9-A9E6-ADF1A6B41078,D1F5F459-2D3D-4C9D-A8AC-582EB3A55BCE,52
4616,AEAB7065-59F3-44F9-A9E6-ADF1A6B41078,855FB007-0166-4FBD-AB83-69CB7A6ED0F1,53
4617,AEAB7065-59F3-44F9-A9E6-ADF1A6B41078,603BF105-5302-4528-86E2-64FDE09AA293,54
4618,AEAB7065-59F3-44F9-A9E6-ADF1A6B41078,D1FB3AA5-E140-4F84-9133-0DBF819CBCB5,55
4619,AEAB7065-59F3-44F9-A9E6-ADF1A6B41078,1BE630AA-A4E8-4FFF-B2C7-AF0C550691F4,56
4620,AEAB7065-59F3-44F9-A9E6-ADF1A6B41078,F57129F8-6DE9-4CB9-AFED-DE4128AC5431,57
4621,AEAB7065-59F3-44F9-A9E6-ADF1A6B41078,0D931E05-E720-4DE8-9EC1-59565DFFA0DF,58
4622,AEAB7065-59F3-44F9-A9E6-ADF1A6B41078,FE288594-3CBC-44B4-9056-03AF7D8DE68F,59
4623,AEAB7065-59F3-44F9-A9E6-ADF1A6B41078,FF701E85-1EEE-4951-8767-F9F5D8E985A3,60
4624,AEAB7065-59F3-44F9-A9E6-ADF1A6B41078,DDF66E79-AAC0-45BD-BC0F-538E9A1EB4F0,61
4625,AEAB7065-59F3-44F9-A9E6-ADF1A6B41078,2BA9284C-1911-4683-B8CA-70FCB4AA5855,62
4626,AEAB7065-59F3-44F9-A9E6-ADF1A6B41078,CFF7A512-CDED-4ADA-B6AF-217BA8121FE0,63
4627,AEAB7065-59F3-44F9-A9E6-ADF1A6B41078,2AC7D5BF-44D7-4DEE-95FD-8575FA222FE5,64
4628,AEAB7065-59F3-44F9-A9E6-ADF1A6B41078,FC17C88A-BBEB-463B-A799-A70719259F3B,65
4629,AEAB7065-59F3-44F9-A9E6-ADF1A6B41078,FDC3470F-70AB-4F2E-AEBD-E6F9A0555407,66
4630,AEAB7065-59F3-44F9-A9E6-ADF1A6B41078,9940666D-6488-45B9-AE50-BA1D8DCC0C01,67
4631,AEAB7065-59F3-44F9-A9E6-ADF1A6B41078,67B85786-9398-4DB5-BBB6-DF41944BBA0A,68
4632,AEAB7065-59F3-44F9-A9E6-ADF1A6B41078,4ABEDDCF-620F-444E-B032-080F531C6E45,69
4633,AEAB7065-59F3-44F9-A9E6-ADF1A6B41078,369755DD-74E8-47D2-A658-6F2E5040C912,70
4634,AEAB7065-59F3-44F9-A9E6-ADF1A6B41078,A42283E5-A8AB-40E9-AED7-85BDEE04EBE4,71
4635,8A3BF060-FC85-44FD-A33E-E9A158932815,7969E0B2-4E91-46AC-BBED-B7942CBFEB16,178
4636,8A3BF060-FC85-44FD-A33E-E9A158932815,AD75F17B-D949-46BB-A28B-F9860E636FDB,179
4637,8A3BF060-FC85-44FD-A33E-E9A158932815,EA572048-B6B9-49F2-8DB6-90548E6B7F59,180
4638,8A3BF060-FC85-44FD-A33E-E9A158932815,65CD7B94-E324-4250-95EB-BA731A9FED84,181
4639,8A3BF060-FC85-44FD-A33E-E9A158932815,E61EF44B-BC10-411D-9FE5-C9D6118CFCDF,182
4641,92081D49-33F8-4BB5-8BEA-6DD4C2CDA30E,CB8C06D6-EEC1-4E8D-899F-4079E00C72D5,0
4642,92081D49-33F8-4BB5-8BEA-6DD4C2CDA30E,5D260F2B-B9ED-4EB6-9B1C-62A76F79B677,1
4643,92081D49-33F8-4BB5-8BEA-6DD4C2CDA30E,ACA43449-8823-4AC0-AAF9-E8A27CBF6D29,2
4644,92081D49-33F8-4BB5-8BEA-6DD4C2CDA30E,E4029FB6-7602-413E-A707-C672E76F96EA,3
4646,92081D49-33F8-4BB5-8BEA-6DD4C2CDA30E,6DE77751-487F-4758-A370-1FA52F13C6E6,4
4647,92081D49-33F8-4BB5-8BEA-6DD4C2CDA30E,19D0D1F5-AA23-4F24-BFD8-D8ED84074120,5
4648,92081D49-33F8-4BB5-8BEA-6DD4C2CDA30E,F6453BAB-7E6A-4E86-B0C5-7304358EA68C,6
4649,92081D49-33F8-4BB5-8BEA-6DD4C2CDA30E,F4E3632E-51AD-4D88-AA61-F78B6D64C92B,7
4650,92081D49-33F8-4BB5-8BEA-6DD4C2CDA30E,F922A124-E6A5-451A-8DBD-2DCFD85CBE82,8
4651,92081D49-33F8-4BB5-8BEA-6DD4C2CDA30E,0C908649-D2F4-481F-865E-EB8E5942ED6E,9
4652,92081D49-33F8-4BB5-8BEA-6DD4C2CDA30E,64C58516-314C-48E9-A0FC-EDAF45F4444D,10
4653,92081D49-33F8-4BB5-8BEA-6DD4C2CDA30E,8AF5B33E-ADB6-4D54-8411-CCC4D11E9F7B,11
4654,92081D49-33F8-4BB5-8BEA-6DD4C2CDA30E,092DB6FC-46E8-4122-A57C-968D7C4E4DA1,12
4655,92081D49-33F8-4BB5-8BEA-6DD4C2CDA30E,26A4A6E7-1E29-4825-A7DB-30F45E1A2543,13
4656,92081D49-33F8-4BB5-8BEA-6DD4C2CDA30E,8670ABF2-9DE4-4608-AE1D-4C94E4460282,14
4657,92081D49-33F8-4BB5-8BEA-6DD4C2CDA30E,7AEEEAF8-CCC3-42A9-BF5C-75930B5BFB55,15
4658,92081D49-33F8-4BB5-8BEA-6DD4C2CDA30E,374E9190-5D3B-464F-BA6A-969BBC84C4A3,16
4659,92081D49-33F8-4BB5-8BEA-6DD4C2CDA30E,FA85FE98-6EE8-4EB1-915C-8D689081B877,17
4660,92081D49-33F8-4BB5-8BEA-6DD4C2CDA30E,3C6499F6-21AF-4AF2-A377-7007E9006DDC,18
4661,92081D49-33F8-4BB5-8BEA-6DD4C2CDA30E,A401B006-8CB2-46D6-AFEF-609DC6B6E51A,19
4662,92081D49-33F8-4BB5-8BEA-6DD4C2CDA30E,15778D60-DBD2-40D7-9DD9-448A4D6093D7,20
4663,92081D49-33F8-4BB5-8BEA-6DD4C2CDA30E,8696D4F9-FD5C-4889-B0D0-9275C37F18EF,21
4664,92081D49-33F8-4BB5-8BEA-6DD4C2CDA30E,E6CD414A-FD09-4F61-A18E-F0F4A53D45C1,22
4665,92081D49-33F8-4BB5-8BEA-6DD4C2CDA30E,73EC9E2A-18A1-41BA-93BD-EEDF9789D414,23
4733,538B3198-376F-4958-AC21-C980A846B311,B21001F2-2DFD-482A-A0FF-384CC6FB7923,0
4734,538B3198-376F-4958-AC21-C980A846B311,C3D928D2-79B9-4133-B527-FE1797238DD9,1
4735,538B3198-376F-4958-AC21-C980A846B311,AAF68ABA-8924-4270-9182-8C66207C6575,2
4736,538B3198-376F-4958-AC21-C980A846B311,30B195FF-66CB-4EA7-8CEB-C818C9486FBA,3
4737,538B3198-376F-4958-AC21-C980A846B311,F29E8F20-31F4-423A-B09A-CBF2E1CE77EB,4
4738,538B3198-376F-4958-AC21-C980A846B311,7FCE348E-0E0B-4261-B119-204B5E3013AC,5
4739,538B3198-376F-4958-AC21-C980A846B311,7E3214ED-7E95-4FCC-920A-3EC945FB163D,6
4740,538B3198-376F-4958-AC21-C980A846B311,4E74F708-C201-491B-A758-C4A51701D73B,7
4741,538B3198-376F-4958-AC21-C980A846B311,61349847-4B40-4176-A959-E6FF05E408B0,8
4742,538B3198-376F-4958-AC21-C980A846B311,9FEA058C-6955-4AFD-9636-6E37F1C47933,9
4743,538B3198-376F-4958-AC21-C980A846B311,C1068DB1-A837-4570-A358-B86796CAFDF7,10
4744,538B3198-376F-4958-AC21-C980A846B311,73167A35-8F7D-4C28-ABD7-A26B1EDBD306,11
4745,538B3198-376F-4958-AC21-C980A846B311,09D1EAC8-1A3E-4A59-9563-C135C27301D0,12
4746,538B3198-376F-4958-AC21-C980A846B311,C1B8EA07-F224-4361-8E97-A87961DADD07,13
4747,538B3198-376F-4958-AC21-C980A846B311,516E7A99-13EE-4296-BE63-1B7A16103BC2,14
4748,538B3198-376F-4958-AC21-C980A846B311,F31C22F5-0A2A-4C23-AE5D-9FCA61051BF0,15
4749,92081D49-33F8-4BB5-8BEA-6DD4C2CDA30E,0295DA78-B918-40D3-A271-6A5377C1881A,24
4750,92081D49-33F8-4BB5-8BEA-6DD4C2CDA30E,A0B3A408-B81A-4CAB-BF41-33351C55BEC9,25
4751,538B3198-376F-4958-AC21-C980A846B311,78462113-2468-4949-8142-F5ECAB282357,16
4752,0A87BA66-EBC1-4DA7-BF04-A4F4B78796A0,CFFCE720-E7E5-499E-8FB0-350166797B29,68
