ID,title,user,created,modified,quantity,orderIndex,orderMethod,orderDirection
A11DE545-3893-475F-A9F0-43727ED80A76,SUNDAY PM SERVICES,F8D6F7E0-99BE-4308-B2AA-501408E951DB,1391392481.19388,1534115934.50342,98,,title,
8A3BF060-FC85-44FD-A33E-E9A158932815,SUNDAY AM SERVICES,F8D6F7E0-99BE-4308-B2AA-501408E951DB,1391392542.34051,1539560617.0905,173,,title,
135BADEB-FAFD-4641-AF9D-62ADF649A279,WEDNESDAY PM SERVICES,F8D6F7E0-99BE-4308-B2AA-501408E951DB,1391392561.83235,1537145465.29181,62,,title,
BAC4282D-7FCA-4B43-9584-510E07A155D6,PRACTICE SESSIONS,F8D6F7E0-99BE-4308-B2AA-501408E951DB,1391392681.03257,1533692504.85838,22,,title,
5B384DFD-0A05-4D98-BABA-9C2D02987053,Song sets,BB3E4EF0-9B2F-4D5F-BB8B-9CB5077FEC3E,1408931909.55857,1500076777.53004,1,,title,
81B687D9-9757-4085-A133-50BA991498D9,MY SETS,F8D6F7E0-99BE-4308-B2AA-501408E951DB,1412148430.19084,1537233448.84305,44,,title,
0DD9BA66-A1EA-4EDB-8319-26588F3F7496,FRIDAY NIGHT,BB3E4EF0-9B2F-4D5F-BB8B-9CB5077FEC3E,1414203268.30027,1539560605.27494,1,,title,
44649D0C-3B99-466C-A8CD-B747BA494F9A,MEDLEYS,BB3E4EF0-9B2F-4D5F-BB8B-9CB5077FEC3E,1420876124.90568,1527441676.51663,5,,title,
5B9508F4-B45C-4306-8828-7F6E071D95B5,Songbook songs,BB3E4EF0-9B2F-4D5F-BB8B-9CB5077FEC3E,1452134354.37066,1500076773.56655,1,,title,
F173C458-ED28-4C18-923F-369E98C6DA9B,SPECIAL SERVICES,F8D6F7E0-99BE-4308-B2AA-501408E951DB,1460985688.2305,1536977002.57924,3,,title,
0A87BA66-EBC1-4DA7-BF04-A4F4B78796A0,THURSDAY PM SERVICES,F8D6F7E0-99BE-4308-B2AA-501408E951DB,1461382760.96461,1537145468.80841,68,,title,
68BE8323-AAB7-490C-80A7-CD7830A07C03,TUESDAY PM,F8D6F7E0-99BE-4308-B2AA-501408E951DB,1501033953.81606,1501033956.86727,1,,title,
605B8BE4-B39B-45B0-B5A1-FFDAD4763912,—New SUNDAY AM,F8D6F7E0-99BE-4308-B2AA-501408E951DB,1505186465.7801,1548221205.56466,65,,title,-1
DC260E80-B041-41AA-B2B6-DCC3AB5EE6A1,—New SUNDAY PM,F8D6F7E0-99BE-4308-B2AA-501408E951DB,1505186631.8738,1548228370.27632,65,,title,-1
AEAB7065-59F3-44F9-A9E6-ADF1A6B41078,—New THURSDAY PM,F8D6F7E0-99BE-4308-B2AA-501408E951DB,1509256586.61891,1548228408.26554,35,,title,-1
92081D49-33F8-4BB5-8BEA-6DD4C2CDA30E,Brand new SETS 2019.unsorted,10A492A3-5F91-4FB7-B77E-3C728FBB51F7,1554930461.32301,1554930520.55734,26,,title,0
538B3198-376F-4958-AC21-C980A846B311,new new SETS 2020,10A492A3-5F91-4FB7-B77E-3C728FBB51F7,1594945357.45745,1599240368.03875,17,,title,0
20A304B0-1A7B-4ECD-8C3D-85589315D538,2022 PM THURS,10A492A3-5F91-4FB7-B77E-3C728FBB51F7,1659662721.79837,1659662721.79839,0,,title,0
