ID,topic,created,modified,orderIndex,orderMethod
B03998DE-71F7-4376-A4C5-DC47F98BE970,Love,1418595358.64089,1418595358.64092,,
343DBE12-EF36-45B1-88DA-D631DF041039,Mercy,1418595373.11934,1418595373.11936,,
B6316E8E-17D0-4679-B0F8-3911295D35D2,Grace,1418595400.00238,1418595400.0024,,
D0C05A98-D0F2-4448-8C79-0794B562126B,SUTL,1418595413.66922,1418595413.66924,,
357ED4C7-03CD-45F8-8F7E-D55AC8FF4727,Holiness,1418595466.26909,1418595466.26911,,
CD4D6162-C56A-442E-98EC-61976459190A,Jesus,1418597321.86129,1418597321.86131,,
86A8A6EF-B7B2-45C2-8C94-8AE4329CE0BD,-1,1418598556.80905,1418598556.80906,,
00D1F68B-5038-4F11-AE53-D3F05E5CB77E,Praise,1419188018.12878,1419188018.1288,,
DCDAE8FC-9B39-4573-A1BE-B85B150CCE85,Faith,1441562159.0567,1441562159.05672,,
9AE7695E-D88B-479A-A42B-396E19D764A9,Adoration,1489300756.38931,1489300756.38933,,
D755277A-6BBA-42EC-8E0D-F010F56372E7,Service,1489300767.62497,1489300767.62498,,
FB5D261E-B19F-41DD-BF4D-2A94E8C6490C,Anointed,1490255664.79353,1490255664.79354,,
4CD58E41-9937-49C7-81CE-2327D5B47A7A,Presence,1490255675.32186,1490255675.32188,,
36D081D6-0AE3-4067-A6E5-C055A44ED5DA,Anthemic,1490255686.05844,1490255686.05845,,
C4EC8BE3-5FBB-424B-BDF2-6F17DFB0763F,Repentance,1490325126.38271,1490325126.38272,,
D2A86CAE-E1C0-45B0-BAC4-84A9BBDF93AC,Provision,1490430698.46952,1490430698.46953,,
D5D748C4-ADE4-4059-B9FF-AA804E771C97,Joy,1490431605.83334,1490431605.83335,,
BEEA5B84-BFEC-4A0F-8322-E55F7EC72BC6,Commitment ,1490431652.16115,1490431652.16116,,
D93EEB6E-7D14-48C9-80B2-8B5FBBBBA54D,Declaration ,1490431663.00628,1490431663.00629,,
9EC2F581-8C36-4AA9-9BE9-FF5A8C858E62,Temptation ,1490431940.52716,1490431940.52717,,
964B924B-D85F-4E56-A7F9-DE08E1D1E3DC,Exaltation,1490433042.30616,1490433042.30617,,
3DE5FFE7-3A85-4A63-B868-62D3230FFEB8,Greatness,1490433369.26494,1490433369.26495,,
281BDF4F-391A-48DE-ACCC-B91D1498CEEE,Abiding,1490493293.00529,1490493293.0053,,
0C83A60E-4340-4175-9642-A88836B1573B,Acceptance ,1490493306.67538,1490493306.67539,,
3D6A86BF-503A-419A-A86F-D417427FA226,Admonition ,1490493316.65733,1490493316.65734,,
BA5EC73F-64E4-45DC-AB0C-C3745D0DDD87,Adoption,1490493325.57476,1490493325.57477,,
3582B342-8D45-4F9A-A37C-086A652FA0E4,Advent,1490493846.95284,1490493846.95285,,
F31EFC76-C2D9-4D2D-B4C0-EF4ADAF5297D,Affirmation ,1490493858.6758,1490493858.67581,,
9623F1D9-4302-46E9-9D0A-24C9F81C899B,Alive,1490493865.64528,1490493865.64529,,
67B44D91-40EF-4C25-B8A3-A5F34DDB1066,Alleluia ,1490493878.22813,1490493878.22815,,
87E1B4F2-9D5C-4BF9-BF0C-3A142259AF39,Almighty,1490493885.87225,1490493885.87226,,
B9C13868-609B-4BAF-8488-7C12E3232A1E,Americana,1490493895.82212,1490493895.82213,,
01F7C6B7-0817-4989-AF84-D815CC70A6B0,Angels,1490493904.53251,1490493904.53252,,
82369C1E-103B-4ADC-BAD1-6D6FE6889176,Annunciation ,1490493920.79223,1490493920.79225,,
31DA0A7C-83FB-4B92-84F0-4C84E4C0B7B7,Anointed,1490493929.829,1490493929.82901,,
0C4A709C-B5B4-45DE-9914-9707109AF305,Apostles,1490493937.86829,1490493937.86833,,
BC022809-810A-425B-867F-BF97488E21CE,Appreciation ,1490493946.36729,1490493946.3673,,
FF570B19-064F-488B-872F-712D28FDEF9D,Army,1490493955.05331,1490493955.05332,,
DBDA721A-474A-4CAF-8C60-C58725DD7F48,Ascension ,1490493974.91032,1490493974.91033,,
C824C603-BBB4-4D1D-B85D-06726999C368,Aspiration ,1490493983.23477,1490493983.23479,,
69F47431-D8DA-42B3-B4FB-2F42B5603CB6,Aspiration ,1490493999.64232,1490493999.64233,,
E19B2F5E-7F42-45F6-B2CE-1E2EB55209CD,Assurance ,1490494009.96139,1490494009.9614,,
602E8576-4459-45D2-9850-30895322E6B1,Atonement ,1490494023.44726,1490494023.44727,,
A4A14733-F32D-4C77-9E7E-AE505C072CF2,Authority,1490494039.21033,1490494039.21034,,
37856F95-8215-45B0-B542-63CBB372CB2E,Awesome,1490494053.9999,1490494053.99992,,
80CC06F8-DF72-4A06-9115-55AB83A512F8,Baby,1490494061.66478,1490494061.6648,,
D993F10E-BBFE-4E1D-A57B-68F36D070229,Baptism,1490494072.1948,1490494072.1948,,
A26E8CDB-8570-4D5F-B5C3-764197E8A17A,Beauty,1490494081.18293,1490494081.18295,,
E0522A2C-F54E-498D-BBD4-06FC6BB9DA5C,Believe,1490494088.92133,1490494088.92134,,
B660776F-BA00-43CA-BEDB-51013ADB534E,Benediction,1490494098.86589,1490494098.86591,,
64555B9E-29B9-41B4-AA16-41A15C5DB13D,Bible,1490494107.6616,1490494107.66161,,
0ED5EF2D-7541-4A4A-AD28-D20DD9CAACA8,Birth,1490494132.11276,1490494132.11277,,
CEC2DC4A-640F-4C4D-A8F7-842920CD77CF,Blessing,1490494139.02841,1490494139.02842,,
D5A8902D-C5D0-4824-8DBF-AA0DC4A2101D,Blood,1490494145.66258,1490494145.66259,,
C3467484-9703-4327-9129-3F9BA748403C,Boldness,1490494155.84647,1490494155.84648,,
0546FB49-8B98-41CC-B902-F480BEAB0ECE,Bread of life,1490494165.44928,1490494165.44929,,
BC5AEE21-AC59-4703-B22F-E8E30568D153,Boldness,1490494173.60625,1490494173.60626,,
D53BB79C-A73F-4F89-BE14-113EDF00906F,Breakthrough ,1490494187.89054,1490494187.89055,,
1129CA5A-0187-4476-8880-B90A40C01D3B,Bride,1490494227.78765,1490494227.78766,,
8DF89F1D-BF9D-4740-9879-FC7A18F7B412,Bridegroom ,1490494245.82705,1490494245.82707,,
9C425A52-0F43-4802-A479-E5614CAE4C02,Calling,1490494251.67515,1490494251.67516,,
6B269192-F3A0-4AA6-BFD9-117943E8CDBD,Calvary ,1490494261.59396,1490494261.59398,,
C2CC9A8C-77DC-48F8-88CA-6587F4D0D113,Celebration,1490494273.3678,1490494273.36781,,
D5ABF73D-D7AA-4DDF-820F-4E6F7D6E3DB0,Challenge ,1490494289.47003,1490494289.47004,,
FA577BA2-2E6E-4475-B2BC-EEA28F1EE1A1,Change,1490494296.7539,1490494296.75391,,
DADA575C-5B8E-4EF5-A596-31F7493748B9,Character,1490494304.28405,1490494304.28405,,
0BD7FE8B-BC58-4512-B382-D04B14CE9B47,Children,1490494312.33189,1490494312.3319,,
E918A5F5-0FA9-4BBA-95DC-8FD8CE799B5B,Christ,1490494406.66418,1490494406.66419,,
6B653F5A-E30B-4E7D-9288-CCF0B23A7FBC,Christian life,1490494417.91242,1490494417.91243,,
35E4B9C7-EAF8-4250-BD94-5CA172D4E130,Cleansing,1490494427.32686,1490494427.32687,,
6167E6EB-0E4C-46A7-A2A5-903F02128FBE,Comfort,1490494436.23424,1490494436.23425,,
C9AB18E6-1FAF-4F4B-9BB5-C0EEDB70704F,Commandment ,1490494446.48162,1490494446.48165,,
99D224CC-6F06-4C38-B4C8-22F68A915665,Commission ,1490494458.02401,1490494458.02402,,
61C4C997-E064-4E0B-BB43-218013E28F00,Communion ,1490494473.42773,1490494473.42774,,
E7F7391D-428A-4FB2-B97C-56CF6662B8D1,Compassion ,1490494481.12729,1490494481.1273,,
E2FDAB16-E75D-4B93-89C2-9F6568158AB4,Confession,1490494489.34509,1490494489.34511,,
39D0656D-A752-42E5-AB17-E6D63F603F50,Confidence ,1490494499.0898,1490494499.08981,,
3593F2FD-A8F3-4EAB-812F-4ECA8306BED6,Conquering ,1490494508.14651,1490494508.14652,,
010A57B5-C0F1-4095-A91E-901146165A84,Consecration ,1490494518.24088,1490494518.24088,,
4F17843E-48EC-4D18-AF8C-7EEC1B8EBBC3,Contentment ,1490494533.38074,1490494533.38075,,
F891E2E5-EEBF-4397-9326-B2B500BA3448,Conversion ,1490494542.36103,1490494542.36104,,
1E8A5F0E-07E3-498C-A2F2-FCEE3045A6F5,Conviction ,1490494551.95246,1490494551.95247,,
31AB3912-3281-4CC4-85A1-1AF534B2DF92,Cornerstone ,1490494561.93841,1490494561.93842,,
B332C5EF-A633-41DC-B5B6-882300813BCF,Courage,1490494568.12036,1490494568.12037,,
65A444A4-0789-4293-AFAA-E9EC807FA932,Covenant,1490494576.55503,1490494576.55504,,
57CED6C1-BE64-4F2A-B1BD-1A3C17732B02,Creatures,1490494582.8721,1490494582.87211,,
030F3F56-672B-471A-BEB8-9CD2E1574A37,Cross,1490494588.33708,1490494588.3371,,
4C2430F8-5709-433F-900E-5448C92A60A0,Crucifixion,1490494597.10055,1490494597.10056,,
72E401C7-90A4-4A2E-96A5-AA816BD08CFA,Dance,1490494632.22024,1490494632.22026,,
D1D10D78-FBB2-4AD3-BC17-39ED3634E989,Death,1490494644.99609,1490494644.99611,,
36D2262E-FDB7-4495-95F3-1B44E2E9ED00,Dedication ,1490494653.96132,1490494653.96133,,
0492C6A7-B816-49A5-95F1-EF3B0D6E852E,Deliverance,1490494667.84815,1490494667.84815,,
8C4A1A62-4718-42F2-85F1-0EF64EC1B76E,Desire,1490494675.29921,1490494675.29922,,
2BEA6DEA-E115-4607-92F8-477FDA7F43BC,Desperation ,1490494687.16764,1490494687.16765,,
2A95422D-57BE-4964-BE7A-2AAE127CD71D,Destiny,1490494693.57763,1490494693.57764,,
721880F5-2AAC-4F73-90D3-4638188361C8,Devotion,1490494700.39753,1490494700.39754,,
0D2B2BFA-8A55-4635-A187-687C2B3DEEEB,Devotional ,1490494712.34754,1490494712.34755,,
E17257EF-C283-4971-B054-68737320AD5D,Discipleship ,1490494738.98324,1490494738.98325,,
57325439-DB31-40DD-A5C5-A06FF70C4DA1,Dreams,1490494750.72546,1490494750.72547,,
BF429CFA-3F0F-4085-BFDC-69B9B1E7DB68,Dwelling,1490494759.28672,1490494759.28673,,
78016912-1BF1-48AF-AF13-7930A822C853,Easter,1490494765.21956,1490494765.21957,,
2E3D00D9-0729-41B0-B361-65C9329CA137,Empowerment,1490494772.71996,1490494772.71996,,
5B6AC7AF-D55C-4407-A695-5D2D17778C8A,Encouragement ,1490494784.31206,1490494784.31207,,
2056E01D-FFC3-4DA6-A5A4-8EDCC505F5B5,Encouragement ,1490494794.0138,1490494794.01381,,
E4377BA7-88F1-49A7-AB6B-C29DDA8F40C5,Enticement,1490494804.01584,1490494804.01585,,
3FA57B42-DF25-4351-BD71-FFB2C4CE5F06,Ephinany,1490494823.98486,1490494823.98487,,
A4DB0662-BA05-4573-A7AD-16F85DCA451C,Eternal,1490494840.72869,1490494840.7287,,
ECA53CB9-F45A-4318-8421-1ABE0380B54B,Eternal Life,1490494849.59036,1490494849.59037,,
79E7B155-ECDA-42AE-AE8B-BF1D9F4BA9C3,Eucharist,1490494859.28452,1490494859.28453,,
66661DA8-7D98-40F5-8F75-9705E6002645,Evangelism ,1490494869.41589,1490494869.4159,,
0EEB1A46-255C-4AE5-BB91-AAD5D7C8940A,Evening,1490494877.30722,1490494877.30723,,
98A5E7E7-3CAE-4934-906E-63C238FB83AB,Everlasting Life,1490494887.9397,1490494887.93971,,
35EA7D6A-6D6C-4693-8FE7-7968CE2C51B1,Example,1490494898.929,1490494898.92901,,
BE53DEBA-30C8-4A34-B1B5-FAEFDB74E076,Exhortation ,1490494909.00435,1490494909.00436,,
845A8B47-559C-4DC3-BD51-684EA6911159,Expectation,1490494919.22196,1490494919.22198,,
09730D9B-9A03-4C2B-8C01-A5B6781B91C7,Faithfulnes,1490494939.80614,1490494939.80615,,
8942F2D5-C86A-4304-AE98-942782A1BA1B,Family,1490494951.48273,1490494951.48274,,
CC325D3C-3508-4FD2-B035-6EDDB36088DA,Father,1490494961.2489,1490494961.24891,,
5FC20617-E7EB-4C69-A752-FB74B0C7C15C,Father's Day,1490494974.5845,1490494974.58451,,
EED1B212-6EAC-41DC-AC85-9C3F6F8F915B,Feast,1490494989.98288,1490494989.9829,,
BF67CDBE-2BBB-4B99-80DC-9F4499396AE0,Fellowship,1490494997.83832,1490494997.83833,,
0A053CFC-5A7E-4D92-880B-597D76FA1F8D,Forgiveness ,1490495012.20711,1490495012.20712,,
18EE3A76-DE6A-4E17-B760-F9DBDBEA141C,Foundation,1490495020.39331,1490495020.39332,,
C8CFB034-2BDB-4736-9C2E-8859FB2FF6D3,Freedom,1490495030.89675,1490495030.89676,,
1B119A53-B0EC-4D88-8B57-6D343CA94075,Friend,1490495041.71863,1490495041.71864,,
7AA615BA-C7BF-447E-A748-A63DF242D85D,Friendship,1490495051.15584,1490495051.15585,,
7C238A73-344F-4ADD-89F7-87DD5DC8FA9B,Fruit of the Spirit,1490495072.86452,1490495072.86453,,
27573C3B-52FF-44F7-AB67-15AB524A16D8,Fruitfulnes,1490495086.78541,1490495086.78542,,
CAA7B58B-3907-4B9C-9586-0D2FA69A409C,Fulfillment ,1490495106.45072,1490495106.45073,,
3C907646-BC54-4200-AF46-45B3EE3DD77E,Funeral,1490495113.67032,1490495113.67033,,
9A6C24AF-9A1F-4020-9855-61C25C8CEC8D,Generosity ,1490495121.41972,1490495121.41972,,
B22AA216-6E18-4455-86D1-BD345F68C031,Giving,1490495395.86051,1490495395.86052,,
ADE0F048-E151-459D-9FFC-22DA3DBF8257,Glory,1490495401.752,1490495401.75201,,
815DA6D9-0A20-4D2D-8DB0-F649D96C561B,God As Creator,1490495412.25271,1490495412.25272,,
4631D361-E0A8-4833-8C4C-6F0CB1D231E1,God incarnate,1490495420.40391,1490495420.40392,,
72AB02BE-4664-431B-81D5-867FEBA0BEA0,God's Creation,1490495430.58147,1490495430.58148,,
899B8193-7DE7-45EB-A64F-FCDFD4D6AA6E,God's Love,1490495440.83338,1490495440.83339,,
7D15173B-72B4-4E12-ACC7-31FBBA983DE7,God's Word,1490495454.50201,1490495454.50202,,
A567D4AA-841C-4ECE-8EB1-6149B755CAE3,Goodness ,1490495467.46364,1490495467.46366,,
F83C52E7-981D-4D4F-B178-8B599D9CF8B6,Gospel,1490495479.92163,1490495479.92164,,
0BA7E4EC-B490-4528-A43B-08D21EA6E021,Gratitude,1490495488.96213,1490495488.96214,,
4C0477FB-E7E6-47E9-A0E5-D5F23316D73B,Great Commission ,1490495634.14053,1490495634.14054,,
ED3B0E2F-1EBB-4182-BB65-D5B36AA608D9,Growth,1490495672.95368,1490495672.95369,,
BE624A04-1476-42B0-A322-6E26CBED8EB1,Guidance,1490495680.95149,1490495680.9515,,
09F070FC-165F-4561-A66E-B54270922D35,Hanukkah ,1490495694.86311,1490495694.86312,,
B16B3562-05D1-415B-86BB-61097213FB34,Harvest,1490495705.87942,1490495705.87943,,
447B2894-75E8-4EE2-A18B-901A60D11BE1,Haven,1490495718.27601,1490495718.27603,,
16CEBC8E-977B-48F8-AEFF-5E192CB24F2C,Heaven,1490495728.53306,1490495728.53307,,
4605FFF6-B9BC-4876-AE4A-AFAB1CAC65D5,Hell,1490495741.32615,1490495741.32616,,
D1B38E06-790D-4189-8DCF-BD2B9C45679C,Help,1490495753.15331,1490495753.15332,,
4793604F-96F8-40EC-970E-CAA23296B862,Heritage ,1490495764.29597,1490495764.29599,,
C4887CFC-5662-42CE-9939-585D914E6860,High Priest,1490495906.49494,1490495906.49495,,
AC53787E-F009-48C1-BF61-548660FD4FD6,His Name,1490495917.1904,1490495917.19041,,
3C526098-5A05-4BF8-ACFC-876247EFA119,Holy Fire,1490495949.95078,1490495949.95079,,
C75071A6-7B87-4265-B5A9-00FB52F2ED08,Holy Place,1490495959.38512,1490495959.38513,,
BED275FB-D6D7-4089-ACA5-01AA430BDED0,Holy Spirit,1490495986.46307,1490495986.46308,,
8E00ECC8-8CCC-4C43-8B17-80AC6210555B,Holy Ghost,1490495994.93897,1490495994.93898,,
973FE675-D744-455B-A99B-72586A11282A,Home,1490496002.59266,1490496002.59268,,
BF7A310E-574F-4869-B485-9AA3DADB337D,Honor,1490496010.3742,1490496010.3743,,
BCB89F62-5489-45ED-A55F-F62DEA95870F,Hope,1490496017.05803,1490496017.05804,,
FDAD0237-50BB-4F34-88C5-EC5B59794DAE,Humility,1490496029.25864,1490496029.25865,,
6A8B6D7A-2098-4404-A3B3-6D8615D7B3E6,Humorous,1490496036.54397,1490496036.54398,,
34A97DAC-AB6F-4093-A2A7-5345DC01C9AD,Hunger,1490496043.5608,1490496043.56081,,
EBF3D76C-8BB7-4944-8F08-A052D36B398C,Identity,1490496051.31295,1490496051.31297,,
5E7F945B-58E0-4373-AF6C-C43E4584F1C0,Image,1490496068.08156,1490496068.08157,,
6E49368E-F61F-45B3-948E-AAEEB65A7450,Immanuel ,1490496236.21183,1490496236.21185,,
3910C5CD-05D2-47AA-8EFD-815CC604F3D8,Immerse,1490496241.91826,1490496241.91827,,
9C78B420-3E70-4327-9F68-836A5504DAC0,Incarnation ,1490496250.28403,1490496250.28405,,
AD3C1BFE-F6D4-4721-8181-3E37D7CD8AD8,Indwellling,1490496283.52374,1490496283.52375,,
1E26AD3B-80B0-44B9-B2E9-648D8F516309,Inheritance ,1490496296.31827,1490496296.31828,,
8FBDA040-0FAF-4DD7-9A2E-63299EA6193C,Instruments ,1490496304.08593,1490496304.08594,,
B675741C-9CA9-41D5-8B29-FBD134B39B2B,Intergrity,1490496326.6138,1490496326.61381,,
34AE6BBD-826A-4F1C-A6D8-65D3174DA8E9,Intercession ,1490496338.90689,1490496338.9069,,
9545FC69-FE7F-4293-B671-C779DF1AB244,Intervention ,1490496347.208,1490496347.20801,,
25AF2BB9-9C50-4414-BCDD-2080990C23E7,Intimacy ,1490496355.53415,1490496355.53417,,
9C32A47D-03D9-43E4-AD36-28E16FB38F8C,Invitation ,1490496365.29395,1490496365.29396,,
6A1A045D-1CB7-4A4B-88D2-B1FF78CF73BE,Israel ,1490496373.95105,1490496373.95106,,
9888AA96-E36D-4923-A9F6-F62847A12AB0,Jerusalem ,1490496386.76932,1490496386.76933,,
3C88A221-6437-4D8D-90E1-6C67265849C2,Journey,1490496586.06171,1490496586.06173,,
039FD713-20BD-4ACE-A68F-28B8A910F6D5,Julibee,1490496611.29614,1490496611.29615,,
64045EF4-6127-4339-AA59-74814F7E8017,Judgement ,1490496620.77345,1490496620.77346,,
C0B9DE1E-540D-43DD-8A61-C51AF540B5C7,Justice,1490496627.83373,1490496627.83375,,
CC2017DA-2E07-4E9E-BABD-D64178B10A14,Justification ,1490496641.33381,1490496641.33382,,
9DAB029F-3E24-49A3-AEFD-556B95D24958,Kindness,1490496647.0451,1490496647.04513,,
6525FCE7-BA04-4368-B365-8E3823A2354A,King,1490496656.70045,1490496656.70046,,
292E062E-8B01-4035-8F40-AA7D05FA107D,Kingdom of God ,1490496674.62893,1490496674.62893,,
EDA6C8C7-4D7C-4C77-863A-B3E225C8F278,Kingship,1490496686.38826,1490496686.38826,,
96D3D9B4-20B9-4EBC-9589-90B412EA1AF2,Lamb of God,1490496697.55813,1490496697.55815,,
D9697F13-7C65-4CF5-80E6-3E622EA20E3A,Leadership ,1490496707.04379,1490496707.04381,,
0BF30CA7-406E-4E13-9F7C-F38C8BA30867,Liberty ,1490496718.49602,1490496718.49603,,
FAEC62AC-AE61-40EE-8293-8E2E4EC59027,Life,1490496944.15251,1490496944.15252,,
C19077AB-6D3A-4A2D-89ED-B66F0CB3FD02,Life of Jesus,1490496953.8866,1490496953.88661,,
0A23A510-5198-4BB6-A692-DC0EB9D1DDF6,Light,1490496960.78324,1490496960.78326,,
60E5AADF-46BA-4734-8A04-A42B1A2627FE,Likeness,1490496967.36458,1490496967.36459,,
B86947B5-2BC9-4061-8F02-DDB0A79A79C8,Lineage,1490496974.08293,1490496974.08294,,
49F01E14-E3C1-450C-89EE-35AC87812F7D,Listen,1490496986.38173,1490496986.38174,,
45F5BBD3-B546-4490-B9D6-291D37C652DB,Living Water,1490497001.70211,1490497001.70213,,
33592267-6C5D-4CB9-8F7B-E3ACD29876FD,Living Word,1490497009.39397,1490497009.39398,,
47B3B961-88C8-4F25-824D-4D3EA24E83C9,Longing,1490497016.96365,1490497016.96366,,
B68F83F8-91CA-4712-9332-4B869C517872,Lordship ,1490497024.51438,1490497024.5144,,
FB8F33E4-C43C-464E-8537-A99C6DDB9D81,Lovingkindness,1490497104.31264,1490497104.31265,,
709BB34A-E5CB-4ACA-B17D-C6E1FE706DEB,Lullaby,1490497117.77746,1490497117.77747,,
93848C1A-1047-4E63-A300-91E1FBF973F4,Majesty,1490497125.44835,1490497125.44836,,
2A841B80-E031-412B-ABDA-85697B075F4F,Marriage ,1490497134.16368,1490497134.1637,,
0866DFB6-7726-4DBD-A6BD-D935087CA6BB,Martyrs,1490497140.73376,1490497140.73377,,
2EC826F7-0978-4ED4-A0F7-129016B52D5E,Meditation ,1490497147.8683,1490497147.86831,,
209CD51A-0339-4B56-899A-A6E961B38EEB,Men,1490497153.23522,1490497153.23523,,
1808EB7F-2D7E-41F0-AE9E-21DF6B742F21,Messiah,1490497161.38906,1490497161.38908,,
BFF02564-E31A-4EF4-A782-E6CB1C3E1F8F,Millennium ,1490497176.2213,1490497176.22131,,
B85E3B47-616C-4C6E-A0E7-EBC757E22611,Miracles,1490497183.80581,1490497183.80582,,
F5EA77BB-C6C8-482A-ADE6-D1BB37117872,Missions,1490497190.13358,1490497190.13361,,
A9CFEB6D-5CFC-4B2C-95DF-F2FA63F81F50,Mother's Day,1490497246.57975,1490497246.57976,,
04EFEFC7-8BA4-4E8D-B496-FBBEC3668919,Musical,1490497253.53056,1490497253.53057,,
C421EA4D-1AC3-4FF5-B836-059B5E2E08B2,Nations,1490497259.62449,1490497259.6245,,
CCEDD9BD-735B-436E-9B09-7BA48F876827,Nature,1490497265.99511,1490497265.99512,,
D073D441-61C2-4CBB-B965-24827F73C51F,Obedience,1490497280.00979,1490497280.0098,,
CB8D739A-59D3-46AF-8B73-D2FCF49557A0,Offering ,1490497296.5194,1490497296.51942,,
C8986D95-BD19-4387-99C5-270C563F425A,Old Testament,1490497311.18978,1490497311.18979,,
64982490-5583-4C84-BFE9-5B132CEAD6EC,Omnipotent,1490497493.74292,1490497493.74294,,
8B0D8082-582A-46A1-84FE-D32C7B6393F7,Omnipresent ,1490497508.77398,1490497508.774,,
7C69B6B9-2F08-4384-BE35-777EE39D001C,Omniscient,1490497525.08052,1490497525.08053,,
EAC7B857-805D-48BD-9EC4-0E10FBC98D2E,Ovecome,1490497532.54678,1490497532.5468,,
57353537-20BE-4453-BBB5-224BA6C19529,Palm Sunday,1490497542.04004,1490497542.04005,,
3E3FF347-302A-4116-920E-7B94C99FA640,Passion,1490497551.953,1490497551.95301,,
B401DD22-AD51-4748-B2B7-08E79881D487,Patience,1490497595.02326,1490497595.02327,,
36EB78BB-6F4C-4AAE-96D2-755D55E7F9BD,Patriotic,1490497602.71086,1490497602.71088,,
B9AC2C38-ECE2-4E21-A25A-09FF00003852,Peace,1490497610.55663,1490497610.55664,,
1A5A65E0-7835-4A78-ABF7-8BBD71F95714,Pentecost,1490497625.99155,1490497625.99157,,
62D0BA0C-3D97-462B-85B2-FE008A15AE15,Persecution ,1490497636.34322,1490497636.34323,,
91CDCE7F-6C94-48DF-9AAF-EF7B884D2D49,Perserverance,1490497648.65576,1490497648.65577,,
54ACC85A-9A02-44CC-85F5-D965ECAD1979,Perspective ,1490497661.75961,1490497661.75963,,
02DABE4B-0AE5-461B-91A8-75C52198C8C2,Petition,1490497684.90845,1490497684.90846,,
72445AA8-83C9-42D1-8EA1-1C323B91DA99,Power,1490497690.36648,1490497690.36649,,
C65474C6-29D5-49A9-9559-1F4313AB9404,Processional ,1490497789.62887,1490497789.62888,,
A342683B-BB92-4B36-98C7-9CD5ABE65E95,Proclamation ,1490497800.17211,1490497800.17213,,
CDCED0D9-DD07-44BA-8996-2B18DD999B30,Prodigal,1490497809.25451,1490497809.25452,,
30B8643B-6E5B-436A-8C1A-7FD5C0B8C914,Promise,1490497817.25766,1490497817.25768,,
A905D705-2E76-434F-9E17-2D8A18F5D9C7,Prophetic,1490497827.58952,1490497827.58953,,
7EF3B7FC-D4F1-4266-B7A9-8BF181A58723,Prosperity ,1490497837.46809,1490497837.4681,,
22F896BB-6060-4BD2-8026-8854194A36AB,Protection,1490497851.55918,1490497851.55919,,
58BBD0BC-85F1-4CEF-B4E6-C694C79D491B,Providence,1490497867.69491,1490497867.69492,,
9CDC034A-EAAD-4A3B-9FB8-25DB01E9E5C9,Psalms,1490497889.17355,1490497889.17356,,
7D820D56-4FEE-4032-AFDC-6B38F99A9EDF,Purity,1490497895.34836,1490497895.34836,,
D223B0D6-D97D-4238-8E43-9E97611DFB0D,Purpose,1490497903.66386,1490497903.66388,,
B7B4C17E-2A36-4820-95DA-E00A99E956EA,Pursue ,1490497912.65049,1490497912.65049,,
B92D7C75-95F0-4722-9030-017836BEFE14,Quietness ,1490497924.8843,1490497924.88432,,
46DC8831-1A11-4AC9-9012-4FE57FDD3650,Rapture,1490497932.78783,1490497932.78784,,
7F2F01B6-E387-42AA-AFF2-AF7988F1DC5C,Recessional,1490497941.13686,1490497941.13687,,
C861BD89-92A7-4EA0-8426-07C604640BBF,Reconciliation ,1490497952.35829,1490497952.35831,,
C9DC96EB-46A4-4229-A5EF-8AF1F16FAD87,Redeemer ,1490497960.17252,1490497960.17253,,
4E6AEA83-05C5-4EB7-99B2-87E5BC5217DF,Redemption ,1490497968.73169,1490497968.7317,,
6A555A02-E8D8-4654-B0B1-31D534130685,Refreshing ,1490497978.60783,1490497978.60784,,
5076B879-8C5C-4319-9DBE-6E65109DF593,Refuge,1490497985.50252,1490497985.50265,,
B5737E7C-1094-400A-8ABE-D43DC32CA667,Regret,1490497993.98606,1490497993.98607,,
11FD614D-ACE0-4216-9E57-312664B00AF3,Rejoice,1490498000.51061,1490498000.51063,,
13C90A71-94F4-4659-BFEB-45C93FA8C915,Remembrance,1490498074.96439,1490498074.96441,,
28CBC98F-8332-4C5B-905C-5572CB76A736,Renewal,1490498091.34938,1490498091.3494,,
A4322AA0-C744-40FC-8E8F-DEE05FBE1523,Rest,1490498097.80048,1490498097.8005,,
3AD94B7C-253A-446F-BBCA-E5E900CE4A0F,Restoration ,1490498111.75711,1490498111.75713,,
576CA400-086E-48C7-AFBE-37D61D7A2A80,Resurrection ,1490498122.15444,1490498122.15445,,
6DC43C72-E046-4621-83A3-3884EAA2B49A,Reverence ,1490498145.7915,1490498145.79152,,
D9D7E238-A379-4493-9DB2-95EA8F0406E6,Revival,1490498154.21251,1490498154.21252,,
FC2469E1-E08A-41D7-89F7-53FC033FDAF0,Righteousness ,1490498162.69025,1490498162.69026,,
CF354FF6-B095-47AC-92D0-AA7816EFCF02,River,1490498173.15873,1490498173.15874,,
D9517EDB-4458-4A31-BB46-334EA8469929,Rock,1490498180.18232,1490498180.18233,,
01DCEC75-0323-4462-B40F-FBFCCD0C8033,Sacrament,1490498191.32578,1490498191.32579,,
9FBDF01F-D378-48CF-8272-131EDFEFCB0D,Sacrifice,1490498198.1943,1490498198.19431,,
17056847-B773-4BD4-B14A-35926427200D,Salvation,1490498220.20003,1490498220.20004,,
3EAC58BC-7C25-4186-837F-D9A89A58CFEC,Sanctification ,1490498231.4653,1490498231.4653,,
D2B71A21-9A1E-440B-9853-D6F714063118,Savior,1490498241.12516,1490498241.12517,,
1779F900-F2B9-4C89-990B-1B016A32D81F,Saviour,1490498247.48359,1490498247.4836,,
F3A6407C-BD7C-4F95-8611-FD95B78588F4,Scripture Memory,1490498259.45822,1490498259.45823,,
DAD52213-D603-4F73-A588-D3C9F886F848,Searching,1490498267.04249,1490498267.0425,,
6E65F9FC-36A0-4B25-8E53-3EA9B39E927A,Seasons,1490498273.87879,1490498273.87881,,
4104E68E-2985-4EB3-AE13-69252D030E7F,Second Coming,1490498298.15509,1490498298.1551,,
B058035B-B825-458F-A3C9-E9CE1E672808,Security,1490498313.84762,1490498313.84763,,
2FD85857-A0AB-4123-8E40-B5E073622F00,Self Esteem,1490498321.779,1490498321.77901,,
7C7451C2-8774-407C-8B0D-FB0A5DCB6E55,Servanthood,1490498330.06654,1490498330.06655,,
891A4FB1-160E-4590-8D67-FC3F8864501B,Shelter ,1490498349.60545,1490498349.60546,,
B878E7B5-F5DE-48FC-8D69-BAA708A07367,Shepherd,1490498363.9215,1490498363.92151,,
7ABB251D-464D-4F44-A270-AADDD32101B7,Shield,1490498371.97291,1490498371.97292,,
C21D26E2-6067-4D2D-9EA4-2CDDC58B99AA,Sin,1490498377.87184,1490498377.87185,,
C419F6D0-742B-406D-935B-1BF5930A794D,Sinless,1490498401.28572,1490498401.28573,,
4AA5E76E-5072-4845-B179-CE4747A26D55,Son of God,1490498412.63749,1490498412.6375,,
B746B371-8CCF-483D-B223-61B049F6D658,Sorrow,1490498420.27674,1490498420.27675,,
7D6404D6-C10E-4686-A384-FAB4D7A13DC4,Sovereignty,1490498437.17554,1490498437.17555,,
C8B9DC76-D677-48DE-872D-3E0D31045040,Sovereign,1490498449.16422,1490498449.16423,,
005EBD6B-9DAB-43D2-A814-50B0063155C3,Stewardship,1490498458.11538,1490498458.11539,,
78E7BCFD-9E23-433A-BA7C-F461C56F9169,Strength ,1490498467.12667,1490498467.12668,,
10E9650E-4A53-4974-8787-54EDE9F4BE8B,Submission ,1490498475.55077,1490498475.55078,,
B7336397-A4D8-4CBD-928F-B86938168296,Suffering,1490498481.9504,1490498481.95041,,
C13A3812-F11D-4200-BAB5-9621F08F7468,Sufficiency,1490498498.63809,1490498498.6381,,
2141E0AE-35E2-4478-83D8-1E72C168508A,Supplication ,1490498506.23785,1490498506.23786,,
C1AE6140-F7A2-4E84-B28F-90D64F88262E,Surrrender,1490498512.28881,1490498512.28882,,
DBF893AF-8F8D-4515-95AF-9FDBEEFB42D5,Sustainer,1490498526.31089,1490498526.31091,,
7873811A-730E-46BA-9C74-A0A212E4D27C,Teaching,1490498538.96962,1490498538.96963,,
21C0A79A-9C4A-4B45-A300-715247F48D82,Teach,1490498544.84201,1490498544.84201,,
8E0A00BF-4190-4D71-8CD7-59559DD334CC,Teacher,1490498550.1273,1490498550.12731,,
592EE1B2-BBCB-4677-A082-5782CE4812BB,Testimony,1490498575.42922,1490498575.42924,,
FE208216-6481-4586-89D8-DB79F69152D8,Testing,1490498581.30776,1490498581.30777,,
C0B89A7A-CA5A-49D0-83C5-A7C5D808B37B,Test,1490498585.88088,1490498585.88089,,
7F2BDE05-F9BE-4695-A93B-6793CB222756,Thankful,1490498592.43139,1490498592.4314,,
77AED686-335B-4B25-BDAE-8E508A08706C,Thankfulness ,1490498607.51654,1490498607.51655,,
ACAFA6E2-0F76-4293-8827-2B2CFC50D525,Thanks,1490498613.97614,1490498613.97615,,
57F1C2B7-4D8B-49A0-9489-CD0163A8E0A2,Thank,1490498619.79551,1490498619.79552,,
D0B3261F-E01E-4447-AC68-82BC90407917,Thanksgiving,1490498630.80438,1490498630.8044,,
FA41F1F1-51B2-4674-A1F2-F99762078C44,The church,1490498638.1196,1490498638.11961,,
A1D4BB9F-C8B4-4D53-A387-7F83081B47E0,Thirst,1490498644.11287,1490498644.11288,,
E902F66F-8C34-47DA-86F1-BC171D5270AD,Tithes,1490498649.39022,1490498649.39024,,
49DC4FDE-77D7-4093-AE1A-88124D8C35AF,Touch,1490498656.73167,1490498656.73168,,
162CF5CE-A85E-4B74-9A0B-15E71558FC5F,Touching,1490498662.59947,1490498662.59948,,
5B0F0B72-DE95-410B-AF63-4F52CFB7F75F,Transfiguration,1490498673.12432,1490498673.12433,,
16BEB4E8-C6A6-444F-9EEC-A37B1C12932E,Transformation ,1490498680.05199,1490498680.052,,
837012E8-A705-4FEF-B6B9-C65010A502F3,Treasure,1490498685.6342,1490498685.63421,,
4422943C-9ED6-4EC8-9179-BC03E6D44F7F,Trials,1490498693.42352,1490498693.42354,,
26643D35-9175-422B-869C-F2F712945209,Trial,1490498698.62602,1490498698.62603,,
95ADC995-A5C8-45F3-B02D-9598A69117A5,Trinity,1490498703.98978,1490498703.98979,,
7BDF26E6-FACB-4D91-9188-5D7C8117E1B2,Triumph,1490498710.0222,1490498710.02221,,
F3C11E3D-CD55-4BA1-A3F4-E046FB9330DB,Trust,1490498715.00953,1490498715.00954,,
210FEF00-C2F0-416E-933F-063C82CE750E,Truth,1490498721.57033,1490498721.57035,,
31B3BBF0-48C5-4825-9BD9-DEB1C03BB8C6,Ubchanging,1490498728.01166,1490498728.01167,,
5A2DAA56-48EC-406C-9A98-FC86A7C59D76,Unity ,1490498735.13418,1490498735.1342,,
5D945932-6612-4BBF-847A-3F300DBC9EDB,Vessel,1490498740.61107,1490498740.61108,,
2217C1B4-A82E-4AE8-81A3-4FF5E779B21E,Victor,1490498746.99681,1490498746.99683,,
A29A908D-B773-4CF4-8617-ED56A8EC7258,Victory,1490498752.86401,1490498752.86403,,
61C08F0F-A89B-478E-BA2F-1EDEB920C0E1,Vine,1490498757.99614,1490498757.99615,,
3A2AF96F-1BC4-4BDB-A953-B84ADCB628C2,Virtue,1490498763.82241,1490498763.82242,,
BDFCC1ED-C375-48DD-B4DB-D3F2CE32C82E,Vision,1490498769.71413,1490498769.71414,,
8FEE3C88-0892-4229-8EEE-0E15C18DAC98,Voice,1490498774.44348,1490498774.44349,,
D2EAF5A4-1E1E-4EA7-9645-1BAF3DF5D4FC,Waiting,1490498781.78176,1490498781.78176,,
D6CE465D-F6A0-44E5-A105-A2822AA86239,Wait,1490498786.45904,1490498786.45905,,
03253F0C-4ED0-44DA-BC7C-0E95076ABF8C,War,1490498791.11833,1490498791.11834,,
1913C773-AC5A-4533-87AE-28AD264D3991,Warfare,1490498796.2764,1490498796.27641,,
8EE6CF06-1853-4CB6-AEA4-30A5D1C8A9C9,Weather,1490498801.98019,1490498801.98021,,
B41B0E84-A20D-4615-882C-88A4DA207C58,Wedding,1490498807.33503,1490498807.33504,,
EF6B7DC6-4D65-4E05-8F62-5AB8FE5AB93C,Weeping,1490498813.66697,1490498813.66698,,
04E8963B-178E-4CC4-A7E6-4AAF4D0FB80C,Wholeness,1490498821.16644,1490498821.16645,,
0B6161B8-CC18-4CFB-ABA0-BA3C41858A81,Will,1490498839.2887,1490498839.28871,,
1D42E098-6533-4831-BF92-671A1D286D35,Wisdom ,1490498846.90626,1490498846.90627,,
C783E83C-6804-4227-8653-AD3E42038575,Wise,1490498851.82574,1490498851.82575,,
1454EAF8-8231-498D-9B38-AB7036567F50,Witness,1490498857.9548,1490498857.95511,,
83476D6D-51DF-484E-991E-D208C7FE0468,Women,1490498863.66849,1490498863.6685,,
B771855D-263A-438A-B926-F0A5F5FF2C3C,Wonder,1490498871.0027,1490498871.00271,,
28AADDDD-CE00-435A-B8E4-7E5883CE93AC,Worship,1490498877.45693,1490498877.45694,,
2862B027-002A-468C-921B-AE8E01D762D9,Worthiness,1490498883.82798,1490498883.82799,,
03922142-D3CD-4BA1-B44D-CF31FFEE9DA9,Youth,1490498904.40794,1490498904.40795,,
CC1A2A08-9928-4298-B75D-472544467D3D,Zion,1490498909.84761,1490498909.84762,,
EBF776E9-E9DE-4012-AF24-1654D6F1498A,Sing,1490498967.02943,1490498967.02944,,
412B3DAF-98F5-4602-860F-CDF2C0A6C293,Singing,1490498972.97349,1490498972.97351,,
787694E8-C756-4DA7-A09C-A0E506F73E53,Healing,1491762028.92071,1491762028.92073,,
